filter,pool_name,fee_percent,has_rewards,volume_24h,liquidity,fees_24h,apr_24h,epoch_time
All Pools,AVAX - USDC,,false,1026707,402042,533.35,48.42,1784334506
All Pools,AUSD - USDC,,false,56913,117531,5.728,1.78,1784334506
All Pools,BTC.b - USDC,,false,49980,580165,25.64,1.61,1784334506
All Pools,USDt - USDC,,false,38907,163000,3.141,0.7,1784334506
All Pools,ARENA - AVAX,,false,36140,96387,3.599,1.36,1784334506
All Pools,WBTC - BTC.b,,false,28283,82613,8.577,3.79,1784334506
All Pools,AVAX - USDC,,false,16835,347915,42.09,4.42,1784334506
All Pools,USDT.e - USDC,,false,16170,51081,3.371,2.41,1784334506
All Pools,FOLKS - AVAX,,false,15992,36780,40.71,40.4,1784334506
All Pools,AVAX - USDT.e,,false,14378,472271,35.95,2.78,1784334506
All Pools,USDC.e - AVAX,,false,12742,367022,31.85,3.17,1784334506
All Pools,USDt - USDC,,false,12101,160293,0.85086,0.19,1784334506
All Pools,USDC - XAVA,,false,11325,492161,28.31,2.1,1784334506
All Pools,DAI.e - USDC,,false,11312,26934,2.258,3.06,1784334506
All Pools,AVAX - USDt,,false,10780,100146,21.74,7.92,1784334506
All Pools,HUNDRED - USDC,,false,9251.99,480669,23.13,1.76,1784334506
All Pools,JOE - USDC.e,,false,8567.42,257849,21.42,3.03,1784334506
All Pools,EMIN - USDC,,false,8386.52,19576,20.97,39.09,1784334506
All Pools,COQ - AVAX,,false,8359.43,396722,20.9,1.92,1784334506
All Pools,AVAX - BTC.b,,false,7501.85,27350,4.126,5.51,1784334506
All Pools,sAVAX - AVAX,,false,6661.48,48517,0.66615,0.5,1784334506
All Pools,XAVA - AVAX,,false,5697.39,158498,46.09,10.61,1784334506
All Pools,JOE - AVAX,,false,5493.93,212021,13.73,2.36,1784334506
All Pools,NXUSD - WXT,,false,4402.65,479124,11.01,0.84,1784334506
All Pools,WETH.e - AVAX,,false,4143.68,375605,10.36,1.01,1784334506
All Pools,AAVE.e - AVAX,,false,3798.39,254762,9.496,1.36,1784334506
All Pools,QI - AVAX,,false,2675.27,129422,6.688,1.89,1784334506
All Pools,XSEED - AVAX,,false,2175.75,19025,5.439,10.44,1784334506
All Pools,WBTC.e - AVAX,,false,1880.84,132644,4.702,1.29,1784334506
All Pools,GMX - AVAX,,false,1842.86,3975.25,4.607,42.3,1784334506
All Pools,ORNG - AVAX,,false,1689.35,16769,4.223,9.19,1784334506
All Pools,SHRAP - AVAX,,false,1586.82,8384.56,24.61,107.12,1784334506
All Pools,JPYC - USDC,,false,1549.62,3154.77,0.75627,8.75,1784334506
All Pools,BTC.b - AVAX,,false,1498.09,108508,3.745,1.26,1784334506
All Pools,MIM - AVAX,,false,1407.71,176026,3.519,0.73,1784334506
All Pools,DAI.e - USDC,,false,1402.08,2308.27,0.28043,4.43,1784334506
All Pools,USDt - AVAX,,false,1362.84,38755,3.407,3.21,1784334506
All Pools,JOE - USDT.e,,false,1273.03,51820,3.183,2.24,1784334506
All Pools,AUSD - USDt,,false,1214.4,54831,0.12027,0.08,1784334506
All Pools,QI - AVAX,,false,1170.01,7838.19,2.947,13.72,1784334506
All Pools,WETH.e - USDC,,false,1109.57,9444.51,1.681,6.5,1784334506
All Pools,GUN - AVAX,,false,1096.51,9365.96,3.057,11.91,1784334506
All Pools,BEAM - AVAX,,false,1093.31,14328,2.75,7.01,1784334506
All Pools,BEAM - USDC,,false,1035.73,65724,2.589,1.44,1784334506
All Pools,TOPIA - BTC.b,,false,951.77,1608.02,1.841,41.78,1784334506
All Pools,AVAX - DAI.e,,false,935.1,28740,2.338,2.97,1784334506
All Pools,w3ULL - AVAX,,false,925.61,51720,2.314,1.63,1784334506
All Pools,NOCHILL - AVAX,,false,864.89,51511,2.162,1.53,1784334506
All Pools,SYN - AVAX,,false,852.48,4442.07,2.131,17.51,1784334506
All Pools,JOE - USDC,,false,721.05,23514,1.803,2.8,1784334506
All Pools,LINK.e - AVAX,,false,655.5,39332,1.639,1.52,1784334506
All Pools,gOHM - AVAX,,false,501.05,128911,1.253,0.35,1784334506
All Pools,PTOP1000 - AVAX,,false,484.13,0,1.253,,1784334506
All Pools,FLD - AVAX,,false,474.28,34908,1.186,1.24,1784334506
All Pools,AVAX - XAVA,,false,359.6,13037,0.899,2.52,1784334506
All Pools,EURC - USDC,,false,339.32,10630,0.10246,0.35,1784334506
All Pools,HERESY - AVAX,,false,336.98,16181,0.84246,1.9,1784334506
All Pools,USDT.e - USDt,,false,329.41,44444,0.06881,0.06,1784334506
All Pools,OSAK - AVAX,,false,328.89,3369.15,0.82223,8.91,1784334506
All Pools,USDT.e - USDC,,false,328.89,897.63,0.03453,1.4,1784334506
All Pools,ZRO - AVAX,,false,320.44,1557.55,0.87167,20.43,1784334506
All Pools,AVAX - ALVA,,false,253.01,739.07,0.63252,31.24,1784334506
All Pools,APIX - ID,,false,238.76,16573,0.59691,1.31,1784334506
All Pools,WBTC.e - BTC.b,,false,233.56,229369,0.08064,0.01,1784334506
All Pools,AI - AVAX,,false,220.59,3114.8,0.55148,6.46,1784334506
All Pools,APIX - ARENA,,false,219.29,1827.96,0.54822,10.95,1784334506
All Pools,PTOP1000 - BTC.b,,false,216.29,0,0.29736,,1784334506
All Pools,HEFE - AVAX,,false,208.26,28640,0.52064,0.66,1784334506
All Pools,WETH.e - USDC.e,,false,197.13,10965,0.49282,1.64,1784334506
All Pools,SolvBTC - BTC.b,,false,193.18,183941,0.08424,0.02,1784334506
All Pools,SIERRA - USDC,,false,180.65,140273,0.20015,0.05,1784334506
All Pools,APIX - USDt,,false,175.84,5545.9,0.43959,2.89,1784334506
All Pools,FTR - AVAX,,false,162.45,1157.33,0.40614,12.81,1784334506
All Pools,XSGD - USDC,,false,152.24,553.24,0.05758,3.8,1784334506
All Pools,USDC.e - USDC,,false,147.86,480235,0.36964,0.03,1784334506
All Pools,AVAX - TOPIA,,false,114.47,1194.02,0.28617,8.75,1784334506
All Pools,UST - AVAX,,false,110.72,5868.19,0.2768,1.72,1784334506
All Pools,XPOW - AVAX,,false,106.39,245.57,0.92369,137.29,1784334506
All Pools,MEAT - AVAX,,false,102.34,3562.75,0.25584,2.62,1784334506
All Pools,HUSKY - AVAX,,false,99.76,2164.74,0.2494,4.21,1784334506
All Pools,MUON - AVAX,,false,99.7,40539,0.24924,0.22,1784334506
All Pools,XETA - USDC,,false,95.83,5278.6,0.23957,1.66,1784334506
All Pools,APIX - USDC,,false,95.82,2769.38,0.23955,3.16,1784334506
All Pools,AVAX - JUICE,,false,95.44,9417.57,0.23861,0.92,1784334506
All Pools,PTOP400 - AVAX,,false,95.21,436.58,0.10646,8.9,1784334506
All Pools,BLSEYE🎯 - AVAX,,false,92.39,4470.13,0.23098,1.89,1784334506
All Pools,SB - AVAX,,false,87.9,6041.86,0.21975,1.33,1784334506
All Pools,AVAX - CLY,,false,87.9,22196,0.21974,0.36,1784334506
All Pools,GURS - AVAX,,false,84.23,5581.31,0.21056,1.38,1784334506
All Pools,AVAX - UST,,false,79.1,6871.35,0.19774,1.05,1784334506
All Pools,SWORLD - AVAX,,false,77.12,2129.05,0.19281,3.31,1784334506
All Pools,TECH - AVAX,,false,74.61,9543.07,0.18654,0.71,1784334506
All Pools,BLSEYE🎯 - ARENA,,false,68.21,996.1,0.17052,6.25,1784334506
All Pools,AVAX - SOLNIC,,false,66.84,3377.23,0.1671,1.81,1784334506
All Pools,STG - USDC,,false,65.51,1206.98,0.16378,4.95,1784334506
All Pools,PTOP700 - AVAX,,false,65.18,252.26,0.07639,11.05,1784334506
All Pools,BLUB - AVAX,,false,61.07,11587,0.15266,0.48,1784334506
All Pools,DZHV - AVAX,,false,59.91,10275,0.14978,0.53,1784334506
All Pools,STG - AVAX,,false,59.09,1017.61,0.14773,5.3,1784334506
All Pools,FITFI - USDT.e,,false,56.81,112.46,0.14201,46.09,1784334506
All Pools,gOHM - FRAX,,false,53.72,3536.19,0.13431,1.39,1784334506
All Pools,KIMBO - AVAX,,false,46.84,40499,0.11709,0.11,1784334506
All Pools,rsAVAX - AVAX,,false,46.13,706.74,0.06216,3.21,1784334506
All Pools,BTC.b - TOPIA,,false,44.89,496.26,0.11223,8.25,1784334506
All Pools,KLO - AVAX,,false,44.06,11951,0.11015,0.34,1784334506
All Pools,CATCH - AVAX,,false,42.36,556.94,0.1059,6.94,1784334506
All Pools,WABBIT - AVAX,,false,40.41,4687.46,0.10103,0.79,1784334506
All Pools,AVAX - AMI,,false,39.91,367.8,0.09977,9.9,1784334506
All Pools,Balln - AVAX,,false,37.7,4155.36,0.09425,0.83,1784334506
All Pools,ALOT - AVAX,,false,30.46,10303,0.07615,0.27,1784334506
All Pools,USDt - USDC,,false,23.9,2235.34,0.00479,0.08,1784334506
All Pools,GGP - AVAX,,false,22.98,26530,0.05745,0.08,1784334506
All Pools,GMX - AVAX,,false,22.83,32.94,0.07697,85.28,1784334506
All Pools,YEEHAW - CHAMP,,false,21.86,921.38,0.05464,2.16,1784334506
All Pools,HTX - AVAX,,false,21.7,656.36,0.02171,1.21,1784334506
All Pools,PTOP1000 - TOPIA,,false,21.61,133.91,0.05401,14.72,1784334506
All Pools,MIM - SB,,false,20.07,2124.98,0.05017,0.86,1784334506
All Pools,AVAX - aXEN,,false,20.06,161.02,0.05015,11.37,1784334506
All Pools,USDC.e - USDT.e,,false,19.87,39974,0.04968,0.05,1784334506
All Pools,MIM - USDT.e,,false,19.71,1447.28,0.04927,1.24,1784334506
All Pools,PNG - AVAX,,false,17.76,810,0.0444,2,1784334506
All Pools,HOWDY - USDC,,false,17.5,3015.67,0.04375,0.53,1784334506
All Pools,sAVAX - JACK,,false,15.49,274159,0.03873,0.01,1784334506
All Pools,ISA - USDC.e,,false,15.21,1438.27,0.03803,0.96,1784334506
All Pools,miMatic - AVAX,,false,15.2,32.06,0.038,43.27,1784334506
All Pools,ISA - AVAX,,false,14.87,16996,0.03717,0.08,1784334506
All Pools,AVAX - GEC,,false,14.63,27238,0.03658,0.05,1784334506
All Pools,SECOND - AVAX,,false,14.29,1468.55,0.03573,0.89,1784334506
All Pools,SECOND - USDC,,false,14.2,7029.45,0.03551,0.18,1784334506
All Pools,TRESR - AVAX,,false,14.2,7849.28,0.03549,0.17,1784334506
All Pools,AVAX - DOMI,,false,13.84,11613,0.03461,0.11,1784334506
All Pools,RGOGLZ - USDC,,false,13.59,1334.66,0.03397,0.93,1784334506
All Pools,AVAX - FRAX,,false,13.38,683.96,0.03345,1.79,1784334506
All Pools,HOWDY - AMI,,false,13.24,1350.48,0.03311,0.89,1784334506
All Pools,GUN - BLSEYE🎯,,false,12.8,424.13,0.032,2.75,1784334506
All Pools,YEEHAW - HOWDY,,false,12.54,6865.26,0.03135,0.17,1784334506
All Pools,SHRAP - DOMI,,false,12.49,160.98,0.03122,7.08,1784334506
All Pools,BTC.b - IMPACT2,,false,10.87,1337.99,0.02716,0.74,1784334506
All Pools,MIM - USDC.e,,false,10.83,735.13,0.02706,1.34,1784334506
All Pools,HUSKY - JOE,,false,10.17,96.61,0.02541,9.6,1784334506
All Pools,ABC - AVAX,,false,10.15,436.57,0.02538,2.12,1784334506
All Pools,HOWDY - AVAX,,false,9.961,6738.69,0.0249,0.13,1784334506
All Pools,USDt - ncash,,false,9.744,1014.81,0.02436,0.88,1784334506
All Pools,Gladiator - ARENA,,false,9.285,427.99,0.02321,1.98,1784334506
All Pools,AVAXAI - USDC,,false,9.215,1573.15,0.02304,0.53,1784334506
All Pools,Gladiator - USDC,,false,9.078,294.48,0.0227,2.81,1784334506
All Pools,DCAU - AVAX,,false,8.371,1014.33,0.02093,0.75,1784334506
All Pools,DCAU - USDT.e,,false,8.174,4998.52,0.02043,0.15,1784334506
All Pools,GUN - AVAX,,false,7.552,193.94,0.01888,3.55,1784334506
All Pools,DUA - USDC,,false,7.202,9.029,0.018,72.78,1784334506
All Pools,USDC.e - DAI.e,,false,7.15,22197,0.01788,0.03,1784334506
All Pools,YOU - ORNG,,false,6.992,1339.75,0.01748,0.48,1784334506
All Pools,FITFI - AVAX,,false,6.623,10.09,0.01656,59.89,1784334506
All Pools,AVAX - ARENA,,false,6.607,67.4,0.01652,8.94,1784334506
All Pools,USV - DAI.e,,false,6.201,3951.11,0.0155,0.14,1784334506
All Pools,XROSS - ORNG,,false,6.182,229.23,0.01546,2.46,1784334506
All Pools,USDt - USDT.e,,false,6.064,20432,0.01516,0.03,1784334506
All Pools,BARK - AVAX,,false,6.021,8266.52,0.01505,0.07,1784334506
All Pools,ORNG - FLUX,,false,5.902,106.95,0.01476,5.04,1784334506
All Pools,HATCHY - AVAX,,false,5.855,7047.85,0.01464,0.08,1784334506
All Pools,aDXN - AVAX,,false,5.813,49.29,0.01453,10.76,1784334506
All Pools,GENI - USDC,,false,5.475,1165.6,0.01369,0.43,1784334506
All Pools,YAK - AVAX,,false,5.214,3417.17,0.01304,0.14,1784334506
All Pools,avUSD - sAVAX,,false,5.166,226.87,0.01291,2.08,1784334506
All Pools,miMatic - USDC.e,,false,4.95,23.81,0.01237,18.97,1784334506
All Pools,AVAX - KET,,false,4.911,21.98,0.01228,20.39,1784334506
All Pools,APIX - LAMBO,,false,4.865,383.25,0.01216,1.16,1784334506
All Pools,AVAX - ELK,,false,4.814,1311.3,0.01203,0.33,1784334506
All Pools,ORNG - SAI,,false,4.776,105.09,0.01194,4.15,1784334506
All Pools,UST - USDC.e,,false,4.586,669.49,0.01146,0.63,1784334506
All Pools,BEAM - AVAX,,false,4.454,381.14,0.01114,1.07,1784334506
All Pools,ORNG - MOOM,,false,4.343,185.5,0.01086,2.14,1784334506
All Pools,PTOP1200 - TOPIA,,false,4.062,121.85,0.01016,3.04,1784334506
All Pools,AVAX - PEFI,,false,4.061,3268.38,0.01015,0.11,1784334506
All Pools,sAVAX - AVAX,,false,3.992,174187,0.00998,0,1784334506
All Pools,3QF - D - AVAX,,false,3.964,1333.34,0.00991,0.27,1784334506
All Pools,3QF - D - WETH.e,,false,3.953,2465.95,0.00988,0.15,1784334506
All Pools,ORNG - JUCI,,false,3.909,240.57,0.00977,1.48,1784334506
All Pools,MAI - AVAX,,false,3.767,1596.3,0.00942,0.22,1784334506
All Pools,Psychic - XAUt0,,false,3.636,5779.61,0.00909,0.06,1784334506
All Pools,Psychic - AVAX,,false,3.506,891.84,0.00877,0.36,1784334506
All Pools,USDC.e - MU,,false,3.499,13136,0.00875,0.02,1784334506
All Pools,JEWEL - USDC,,false,3.438,3819.71,0.00859,0.08,1784334506
All Pools,JOE - USDT,,false,3.35,281.67,0.00837,1.09,1784334506
All Pools,MYST - AVAX,,false,3.298,659.35,0.00825,0.46,1784334506
All Pools,TOPIA - PTOP800,,false,3.273,122.78,0.00818,2.43,1784334506
All Pools,SWIFT - USDC.e,,false,3.163,485.81,0.00791,0.59,1784334506
All Pools,WOLF - AVAX,,false,3.142,27260,0.00786,0.01,1784334506
All Pools,JADE - USDC,,false,3.124,145.33,0.00781,1.96,1784334506
All Pools,LINK.e - USDT.e,,false,3.064,222.66,0.00766,1.26,1784334506
All Pools,BLSEYE🎯 - BEAM,,false,3.013,271.07,0.00753,1.01,1784334506
All Pools,YEEHAW - TOPIA,,false,3.007,121.63,0.00752,2.26,1784334506
All Pools,BLOAT - AVAX,,false,2.977,1294.67,0.00744,0.21,1784334506
All Pools,mtk - AVAX,,false,2.842,0.22738,0.0071,1140.35,1784334506
All Pools,ZRO - AVAX,,false,2.82,128.86,0.00705,2,1784334506
All Pools,TSD - AVAX,,false,2.807,176.1,0.00702,1.45,1784334506
All Pools,AVAX - HON,,false,2.76,50206,0.0069,0.01,1784334506
All Pools,UST - USDC,,false,2.749,434.6,0.00687,0.58,1784334506
All Pools,LINK.e - USDC.e,,false,2.734,184.73,0.00683,1.35,1784334506
All Pools,AVAX - SOCK,,false,2.615,2450.45,0.00654,0.1,1784334506
All Pools,USDC - SOCK,,false,2.598,422.87,0.0065,0.56,1784334506
All Pools,DATCM - ORNG,,false,2.568,228.04,0.00642,1.03,1784334506
All Pools,HUSKY - AMI,,false,2.417,46.48,0.00604,4.75,1784334506
All Pools,PTOP400 - TOPIA,,false,2.401,110.26,0.006,1.99,1784334506
All Pools,USDT.e - CLY,,false,2.349,181.98,0.00587,1.18,1784334506
All Pools,USDC - SHRAP,,false,2.345,20.83,0.00586,10.27,1784334506
All Pools,SWIFT - WETH.e,,false,2.337,1308.88,0.00584,0.16,1784334506
All Pools,ABC - HOWDY,,false,2.278,438.84,0.0057,0.47,1784334506
All Pools,nALEPH - USDC,,false,2.274,18.17,0.00568,11.42,1784334506
All Pools,SMRTr - AVAX,,false,2.195,26033,0.00549,0.01,1784334506
All Pools,WETH - USDC.e,,false,2.121,205.34,0.0053,0.94,1784334506
All Pools,YAK - USDC.e,,false,2.121,216.15,0.0053,0.9,1784334506
All Pools,AVAX - FRAX,,false,2.059,229.65,0.00515,0.82,1784334506
All Pools,COQ - BLSEYE🎯,,false,2.054,142.4,0.00514,1.32,1784334506
All Pools,REDWOLF - USDC,,false,1.995,187.39,0.00499,0.97,1784334506
All Pools,AVAX - SPELL,,false,1.929,1941.17,0.00482,0.09,1784334506
All Pools,AVAX - IMPACT2,,false,1.867,144.35,0.00467,1.18,1784334506
All Pools,HOWDY - ARENA,,false,1.805,44.88,0.00451,3.67,1784334506
All Pools,PNG - JOE,,false,1.794,116.86,0.00449,1.4,1784334506
All Pools,YUSD - AVAX,,false,1.793,117.67,0.00448,1.39,1784334506
All Pools,Psychic - BLACK,,false,1.782,258.84,0.00445,0.63,1784334506
All Pools,APOW - AVAX,,false,1.763,629.12,0.00441,0.26,1784334506
All Pools,AVAX - GRAV,,false,1.739,6.531,0.00435,24.3,1784334506
All Pools,MIM - WETH.e,,false,1.736,477.48,0.00434,0.33,1784334506
All Pools,LUNA - USDC.e,,false,1.692,335.38,0.00423,0.46,1784334506
All Pools,DPS - AVAX,,false,1.64,184.27,0.0041,0.81,1784334506
All Pools,DPS - USDC,,false,1.639,1813.35,0.0041,0.08,1784334506
All Pools,KINGSHIT - AVAX,,false,1.627,3603.2,0.00407,0.04,1784334506
All Pools,MYST - USDC,,false,1.619,219.04,0.00405,0.67,1784334506
All Pools,AMI - TOPIA,,false,1.601,172.5,0.004,0.85,1784334506
All Pools,COQ - COQAI,,false,1.571,19166,0.00393,0.01,1784334506
All Pools,WETH.e - ONION,,false,1.562,234.28,0.0039,0.61,1784334506
All Pools,AVAX - USDT,,false,1.54,1734.43,0.00385,0.08,1784334506
All Pools,NOCHILL - KET,,false,1.522,7.639,0.0038,18.18,1784334506
All Pools,USDT.e - ONION,,false,1.471,742.38,0.00368,0.18,1784334506
All Pools,XAUt0 - ChristMark,,false,1.418,584.39,0.00355,0.22,1784334506
All Pools,AVAX - ChristMark,,false,1.411,273.24,0.00353,0.47,1784334506
All Pools,HOST - DAI.e,,false,1.39,2522.8,0.00347,0.05,1784334506
All Pools,PTOP700 - TOPIA,,false,1.385,115.38,0.00346,1.1,1784334506
All Pools,USDC.e - AVVO,,false,1.377,225.87,0.00344,0.56,1784334506
All Pools,SWIFT - AVAX,,false,1.259,237.02,0.00315,0.48,1784334506
All Pools,WETH.e - USDT.e,,false,1.247,149.4,0.00312,0.76,1784334506
All Pools,Gravity - AVAX,,false,1.23,243.75,0.00308,0.46,1784334506
All Pools,AVAX - ONION,,false,1.186,149.24,0.00296,0.73,1784334506
All Pools,REDWOLF - AVAX,,false,1.183,392.51,0.00296,0.28,1784334506
All Pools,MAGICK - AVAX,,false,1.172,285.2,0.00293,0.38,1784334506
All Pools,MAGICK - USDC,,false,1.172,227.57,0.00293,0.47,1784334506
All Pools,FXS - AVAX,,false,1.155,294.24,0.00289,0.36,1784334506
All Pools,HOWDY - USDt,,false,1.146,177.18,0.00286,0.59,1784334506
All Pools,COQ - OSAK,,false,1.06,17.97,0.00265,5.38,1784334506
All Pools,GB - AVAX,,false,1.048,1800.72,0.00262,0.05,1784334506
All Pools,AVAX - DUA,,false,1.026,1.372,0.00256,68.19,1784334506
All Pools,BRO - COQ,,false,1.024,134.4,0.00256,0.7,1784334506
All Pools,BRO - AVAX,,false,1.022,101347,0.00255,0,1784334506
All Pools,JPYC - USDC,,false,1.005,358.58,0.00251,0.26,1784334506
All Pools,BabyCoq - AVAX,,false,0.99013,1485.57,0.00248,0.06,1784334506
All Pools,APOW - USDt,,false,0.96914,115.7,0.00242,0.76,1784334506
All Pools,DREGG - AVAX,,false,0.96208,148.04,0.00241,0.59,1784334506
All Pools,DREGG - USDT.e,,false,0.96148,516.66,0.0024,0.17,1784334506
All Pools,AVAX - EROL,,false,0.96131,38.53,0,0,1784334506
All Pools,USDt - IMPACT2,,false,0.95942,71.74,0.0024,1.22,1784334506
All Pools,BUSD - AVAX,,false,0.9568,343.66,0.00239,0.25,1784334506
All Pools,AVAX - AVVO,,false,0.94551,232.52,0.00236,0.37,1784334506
All Pools,AVAX - SHRAP,,false,0.94457,11.08,0.00236,7.78,1784334506
All Pools,XAUt0 - Gravity,,false,0.93659,316.58,0.00234,0.27,1784334506
All Pools,USDC - MXNB,,false,0.92842,18.14,0.00232,4.67,1784334506
All Pools,USDC.e - ONION,,false,0.92024,370.27,0.0023,0.23,1784334506
All Pools,XAUt0 - NaughtiusMaximus,,false,0.88613,886.2,0.00222,0.09,1784334506
All Pools,AVAX - NaughtiusMaximus,,false,0.88101,338.5,0.0022,0.24,1784334506
All Pools,DAI.e - ONION,,false,0.87875,332.5,0.0022,0.24,1784334506
All Pools,JOE - KRW,,false,0.87853,147.72,0.0022,0.54,1784334506
All Pools,KRW - AVAX,,false,0.87694,317.6,0.00219,0.25,1784334506
All Pools,CHAMP - AMI,,false,0.84674,26.99,0.00212,2.86,1784334506
All Pools,SMRTr - USDC.e,,false,0.8359,104.89,0.00209,0.73,1784334506
All Pools,BANKSY - USDT.e,,false,0.80002,1531.59,0.002,0.05,1784334506
All Pools,BANKSY - AVAX,,false,0.79979,145.01,0.002,0.5,1784334506
All Pools,APOW - USDC,,false,0.79397,115.99,0.00198,0.62,1784334506
All Pools,DCAU - USDC,,false,0.78253,142.82,0.00196,0.5,1784334506
All Pools,CHAMP - ARENA,,false,0.76429,15.97,0.00191,4.37,1784334506
All Pools,USDC - aXEN,,false,0.76407,8.629,0.00191,8.08,1784334506
All Pools,AVAI - USDC.e,,false,0.74286,26.49,0.00186,2.56,1784334506
All Pools,WBTC.e - ONION,,false,0.73316,354.06,0.00183,0.19,1784334506
All Pools,LF - AVAX,,false,0.72381,278.64,0.00181,0.24,1784334506
All Pools,KIWI - AVAX,,false,0.71717,95.53,0.00179,0.69,1784334506
All Pools,KIWI - USDC,,false,0.71684,300.06,0.00179,0.22,1784334506
All Pools,MIM - LF,,false,0.71536,368.91,0.00179,0.18,1784334506
All Pools,USDC - SDOG,,false,0.71365,366.29,0.00178,0.18,1784334506
All Pools,AVAX - SMRT,,false,0.70844,1668.88,0.00177,0.04,1784334506
All Pools,DCAU - MIM,,false,0.69528,107.31,0.00174,0.59,1784334506
All Pools,WBTC.e - USDT.e,,false,0.68307,156.53,0.00171,0.4,1784334506
All Pools,MIM - SDOG,,false,0.67878,87.48,0.0017,0.71,1784334506
All Pools,SYN - REDWOLF,,false,0.66705,4.481,0.00167,13.58,1784334506
All Pools,USDT.e - SMRT,,false,0.6655,89.54,0.00166,0.68,1784334506
All Pools,AVAX - MU,,false,0.65324,74.41,0.00163,0.8,1784334506
All Pools,GENI - AVAX,,false,0.61788,49.87,0.00154,1.13,1784334506
All Pools,HOST - AVAX,,false,0.6148,89.92,0.00154,0.62,1784334506
All Pools,MIM - MU,,false,0.61259,90.81,0.00153,0.62,1784334506
All Pools,Now - BLACK,,false,0.582,234.57,0.00145,0.23,1784334506
All Pools,AVAI - AVAX,,false,0.58187,19.8,0.00145,2.68,1784334506
All Pools,AVAX - rsAVAX,,false,0.5788,162.86,0.00145,0.32,1784334506
All Pools,AVAX - ELK,,false,0.57341,48.66,0.00143,1.08,1784334506
All Pools,BLS - SHRAP,,false,0.55634,7.848,0.00139,6.47,1784334506
All Pools,AVAX - ZUBAX,,false,0.53519,93.26,0.00134,0.52,1784334506
All Pools,BTC.b - oXAUT,,false,0.53302,315.68,0.00133,0.15,1784334506
All Pools,oXAUT - AVAX,,false,0.53199,413.73,0.00133,0.12,1784334506
All Pools,LUNA - AVAX,,false,0.50059,125.22,0.00125,0.36,1784334506
All Pools,AAVE.e - REDWOLF,,false,0.47538,147.28,0.00119,0.29,1784334506
All Pools,SYMBIOT - AVAX,,false,0.46792,76.16,0.00117,0.56,1784334506
All Pools,Now - AVAX,,false,0.45692,191.59,0.00114,0.22,1784334506
All Pools,aDXN - aXEN,,false,0.44868,4.57,0.00112,8.96,1784334506
All Pools,MAXI - DAI.e,,false,0.44254,226.86,0.00111,0.18,1784334506
All Pools,SYMBIOT - DAI.e,,false,0.43795,448.14,0.00109,0.09,1784334506
All Pools,IMPACT2 - EURC,,false,0.43461,42.89,0.00109,0.92,1784334506
All Pools,sAVAX - COQ,,false,0.43018,60.97,0.00108,0.64,1784334506
All Pools,HUSKY - MUG,,false,0.42289,14.17,0.00106,2.72,1784334506
All Pools,ZUBAX - USDT.e,,false,0.40351,173.23,0.00101,0.21,1784334506
All Pools,LUNA - USDC.e,,false,0.40097,647.56,0.001,0.06,1784334506
All Pools,$Td - AMI,,false,0.394,26.12,0,1.38,1784334506
All Pools,$Td - AVAX,,false,0.38979,4434.42,0,0.01,1784334506
All Pools,MIM - PEFI,,false,0.38477,63.94,0,0.55,1784334506
All Pools,ACS - AVAX,,false,0.35953,154.64,0,0.21,1784334506
All Pools,MEOW - AVAX,,false,0.33979,7782.99,0,0,1784334506
All Pools,MIM - USDC,,false,0.32278,28.35,0,1.04,1784334506
All Pools,AVAX - MUG,,false,0.32127,252.44,0,0.12,1784334506
All Pools,KALM - AVAX,,false,0.31342,98.63,0,0.29,1784334506
All Pools,KALM - USDC,,false,0.31333,77.7,0,0.37,1784334506
All Pools,WETH.e - SURE,,false,0.31142,867.65,0,0.03,1784334506
All Pools,BLS - USDt,,false,0.30837,128.47,0,0.22,1784334506
All Pools,JOE - EXP,,false,0.30651,10343454,0,0,1784334506
All Pools,50 - AVAX,,false,0.30043,60.64,0,0.45,1784334506
All Pools,50 - USDC,,false,0.30039,112.52,0,0.24,1784334506
All Pools,SYN - USDC.e,,false,0.2975,2.278,0,11.92,1784334506
All Pools,USDC - GAU,,false,0.29715,738.38,0,0.04,1784334506
All Pools,Trinity - Psychic,,false,0.29697,401.1,0,0.07,1784334506
All Pools,Trinity - Gravity,,false,0.2964,1733.29,0,0.02,1784334506
All Pools,Ush - AVAX,,false,0.29544,2122.09,0,0.01,1784334506
All Pools,USDC - CHAM,,false,0.28766,46.68,0,0.56,1784334506
All Pools,XPOW - AVAX,,false,0.28324,1344.85,0,0.02,1784334506
All Pools,WETH.e - REDWOLF,,false,0.28218,83.73,0,0.31,1784334506
All Pools,SOL - USDC,,false,0.27254,21.05,0,1.18,1784334506
All Pools,MM - AVAX,,false,0.26948,67.96,0,0.36,1784334506
All Pools,MM - USDC,,false,0.26937,50.08,0,0.49,1784334506
All Pools,GUN - AMI,,false,0.26808,8.863,0,2.76,1784334506
All Pools,GURS - ARENA,,false,0.26122,6.163,0,3.87,1784334506
All Pools,FERT - AVAX,,false,0.26075,484.9,0,0.05,1784334506
All Pools,FEED - AVAX,,false,0.26001,5698.53,0,0,1784334506
All Pools,YEEHAW - BTC.b,,false,0.24983,50.29,0,0.45,1784334506
All Pools,BTC.b - GMX,,false,0.24901,1.316,0,17.27,1784334506
All Pools,LINK.e - REDWOLF,,false,0.2438,70.66,0,0.31,1784334506
All Pools,RUX - AVAX,,false,0.23932,25.88,0,0.84,1784334506
All Pools,USDt - RUX,,false,0.23927,16085,0,0,1784334506
All Pools,UST - USDT.e,,false,0.23851,38.11,0,0.57,1784334506
All Pools,MIM - wsOHM,,false,0.22835,165.82,0,0.13,1784334506
All Pools,DFIAT - AVAX,,false,0.2283,6137.96,0,0,1784334506
All Pools,DFIAT - USDT.e,,false,0.22825,27.14,0,0.77,1784334506
All Pools,AVAX - Prometheus,,false,0.22646,206.06,0,0.1,1784334506
All Pools,Psychic - Prometheus,,false,0.22625,234.77,0,0.09,1784334506
All Pools,WETH.e - USDC,,false,0.22586,20.39,0,1.01,1784334506
All Pools,AVAX - EROL,,false,0.2162,20.65,0,0.96,1784334506
All Pools,VEE - USDC,,false,0.21584,31.65,0,0.62,1784334506
All Pools,APOW - AVAX,,false,0.21454,1345.58,0,0.01,1784334506
All Pools,AVVO - DAI.e,,false,0.21388,34.94,0,0.56,1784334506
All Pools,KOVIN - AVAX,,false,0.21335,2237.68,0,0.01,1784334506
All Pools,BTC.b - HOWDY,,false,0.21184,62.39,0,0.31,1784334506
All Pools,MIM - DAI.e,,false,0.20721,18.74,0,1.01,1784334506
All Pools,AVAX - WISE,,false,0.20577,60.54,0,0.31,1784334506
All Pools,USDC.e - WISE,,false,0.20564,41.57,0,0.45,1784334506
All Pools,USDC.e - SOL,,false,0.2001,35.65,0,0.51,1784334506
All Pools,CQK - AVAX,,false,0.19965,98.66,0,0.18,1784334506
All Pools,CQK - USDC,,false,0.19948,31.1,0,0.59,1784334506
All Pools,PTOP900 - TOPIA,,false,0.19871,134.02,0,0.14,1784334506
All Pools,USDT.e - DUO,,false,0.19552,51.04,0,0.35,1784334506
All Pools,AVAX - DUO,,false,0.19552,53.52,0,0.33,1784334506
All Pools,STATIK - AVAX,,false,0.19496,31.16,0,0.57,1784334506
All Pools,AVAX - SQRCAT,,false,0.19409,4224.29,0,0,1784334506
All Pools,AMI - SQRCAT,,false,0.19317,10.45,0,1.69,1784334506
All Pools,SYN - WETH.e,,false,0.19023,1.123,0,15.46,1784334506
All Pools,AVAX - SNOB,,false,0.1878,758.68,0,0.02,1784334506
All Pools,AVAX - CHAM,,false,0.18644,26.08,0,0.65,1784334506
All Pools,BLUB - AVAX,,false,0.18523,32.45,0,0,1784334506
All Pools,USDt - XPOW,,false,0.18312,20.89,0,0.8,1784334506
All Pools,SLUSH - AVAX,,false,0.18247,46.31,0,0.36,1784334506
All Pools,SLUSH - USDT.e,,false,0.18237,55.76,0,0.3,1784334506
All Pools,USDC - USD+,,false,0.18015,28.38,0,0.58,1784334506
All Pools,USDT.e - ZABU,,false,0.17868,44.51,0,0.37,1784334506
All Pools,COQ - AMI,,false,0.17854,8.319,0,1.96,1784334506
All Pools,WOLF - AVAX,,false,0.17673,45.35,0,0.36,1784334506
All Pools,ARENA - MU,,false,0.1763,3.176,0,5.07,1784334506
All Pools,USDC.e - WXT,,false,0.17025,194.35,0,0.08,1784334506
All Pools,BLSEYE🎯 - MEOW,,false,0.16822,778.57,0,0.02,1784334506
All Pools,SYN - USDT.e,,false,0.16303,1.217,0,12.23,1784334506
All Pools,Juice - AMI,,false,0.15835,1.413,0,10.22,1784334506
All Pools,SURE - USDC.e,,false,0.15597,21.07,0,0.68,1784334506
All Pools,MU - DAI.e,,false,0.15237,235.68,0,0.06,1784334506
All Pools,TSD - WOLF,,false,0.15161,26.61,0,0.52,1784334506
All Pools,AI9000 - AVAX,,false,0.1514,217.53,0,0.06,1784334506
All Pools,SURE - DAI.e,,false,0.14994,24.65,0,0.56,1784334506
All Pools,MELT - AVAX,,false,0.14897,20.27,0,0.67,1784334506
All Pools,USDt - DUA,,false,0.14697,0.25203,0,53.21,1784334506
All Pools,SPC - DAI.e,,false,0.14354,20.08,0,0.65,1784334506
All Pools,meGNX - AVAX,,false,0.14307,13.26,0,0.98,1784334506
All Pools,Xmas - AVAX,,false,0.1414,198.21,0,0.07,1784334506
All Pools,Psychic - Xmas,,false,0.14127,226.27,0,0.06,1784334506
All Pools,Hopi - AVAX,,false,0.14053,155.25,0,0.08,1784334506
All Pools,Psychic - Hopi,,false,0.14051,213.74,0,0.06,1784334506
All Pools,GLOBA - AVAX,,false,0.13757,40.6,0,0.31,1784334506
All Pools,wsOHM - USDC.e,,false,0.13427,17.68,0,0.69,1784334506
All Pools,UNIX - AVAX,,false,0.13105,148.54,0,0.08,1784334506
All Pools,GLOBA - DAI.e,,false,0.12878,47.89,0,0.25,1784334506
All Pools,Necromancer - AVAX,,false,0.1268,63.36,0,0.18,1784334506
All Pools,Now - Necromancer,,false,0.12674,635.81,0,0.02,1784334506
All Pools,aAvaWAVAX - meGNX,,false,0.12601,3.029,0,3.8,1784334506
All Pools,NOCHILL - OX,,false,0.12532,13271,0,0,1784334506
All Pools,COQ - JUICE,,false,0.12419,25.67,0,0.44,1784334506
All Pools,AI9000 - MU,,false,0.12204,1.056,0,10.54,1784334506
All Pools,AVAX - ZABU,,false,0.11935,23.69,0,0.46,1784334506
All Pools,LUNA - AVAX,,false,0.11876,14,0,0.77,1784334506
All Pools,SUB - USDC,,false,0.11709,11.4,0,0.94,1784334506
All Pools,CommieSukey - AVAX,,false,0.11512,211.35,0,0.05,1784334506
All Pools,Psychic - CommieSukey,,false,0.11501,241.12,0,0.04,1784334506
All Pools,gOHM - wsOHM,,false,0.11458,17.21,0,0.61,1784334506
All Pools,TOMB - USDC,,false,0.11273,10.1,0,1.02,1784334506
All Pools,APOW - USDt,,false,0.11273,21.56,0,0.48,1784334506
All Pools,ZRO - USDC,,false,0.11037,4.278,0,2.35,1784334506
All Pools,AVAT - AVAX,,false,0.10894,17,0,0.58,1784334506
All Pools,AVAT - USDC,,false,0.10884,37.73,0,0.26,1784334506
All Pools,USDt - MILO,,false,0.10686,14.14,0,0.69,1784334506
All Pools,AVAX - MILO,,false,0.10677,803.52,0,0.01,1784334506
All Pools,USDC - yyAVAX,,false,0.10633,12.14,0,0.8,1784334506
All Pools,BTC.b - REDWOLF,,false,0.10591,99.16,0,0.1,1784334506
All Pools,GMX - USDC,,false,0.10393,0.84595,0,11.21,1784334506
All Pools,AVAX - TIME,,false,0.10317,568.68,0,0.02,1784334506
All Pools,APOW - USDC,,false,0.1023,21.54,0,0.43,1784334506
All Pools,FLAKE - USDT.e,,false,0.10112,48.75,0,0.19,1784334506
All Pools,FLAKE - AVAX,,false,0.1011,17.41,0,0.53,1784334506
All Pools,XPOW - USDC,,false,0.10093,20.94,0,0.44,1784334506
All Pools,LIBRE - USDC.e,,false,0.10033,12.39,0,0.74,1784334506
All Pools,HH - AVAX,,false,0.09821,241.79,0,0.04,1784334506
All Pools,YEEHAW - AVAX,,false,0.09815,11.9,0,0.75,1784334506
All Pools,HH - ARENA,,false,0.0973,1.939,0,4.58,1784334506
All Pools,TECH - OX,,false,0.08828,5847.22,0,0,1784334506
All Pools,DON - AVAX,,false,0.08802,3509.95,0,0,1784334506
All Pools,MIM - TIME,,false,0.08598,24.71,0,0.32,1784334506
All Pools,AVAX - STRAW,,false,0.08479,14.47,0,0.53,1784334506
All Pools,USDC - USDT.e,,false,0.08433,154.62,0,0.05,1784334506
All Pools,CGS - AVAX,,false,0.08353,53.22,0,0.14,1784334506
All Pools,CGS - USDC.e,,false,0.08346,148.87,0,0.05,1784334506
All Pools,MELT - USDT.e,,false,0.08248,29.59,0,0.25,1784334506
All Pools,XRP - AVAX,,false,0.08164,0.32079,0,23.22,1784334506
All Pools,COQ - OX,,false,0.08102,14057,0,0,1784334506
All Pools,MIM - VOLT,,false,0.08087,13.57,0,0.54,1784334506
All Pools,WABBIT - MU,,false,0.08009,0.10132,0,72.13,1784334506
All Pools,DAI.e - STRAW,,false,0.07945,36.24,0,0.2,1784334506
All Pools,METAG - AVAX,,false,0.07918,19.94,0,0.36,1784334506
All Pools,NeatestQuackery - AVAX,,false,0.07892,210.49,0,0.03,1784334506
All Pools,Psychic - NeatestQuackery,,false,0.07887,241.18,0,0.03,1784334506
All Pools,USDt - REDWOLF,,false,0.07795,13.78,0,0.52,1784334506
All Pools,ARENA - AMI,,false,0.0779,1.051,0,6.76,1784334506
All Pools,AVAX - FORT,,false,0.07665,12.27,0,0.57,1784334506
All Pools,MIM - FORT,,false,0.07641,2404.36,0,0,1784334506
All Pools,SLIME - AVAX,,false,0.07637,15325,0,0,1784334506
All Pools,AVAX - WTR,,false,0.0747,12.46,0,0.55,1784334506
All Pools,USDT.e - MU,,false,0.07297,249.88,0,0.03,1784334506
All Pools,Psychic - BlackAndGold,,false,0.07128,241.11,0,0.03,1784334506
All Pools,DAI.e - VOLT,,false,0.0712,40.39,0,0.16,1784334506
All Pools,AVAX - BlackAndGold,,false,0.07115,212.09,0,0.03,1784334506
All Pools,ALOT - USDC.e,,false,0.0705,7.488,0,0.86,1784334506
All Pools,GATOR - ARENA,,false,0.06738,1.849,0,3.33,1784334506
All Pools,MELT - USDC.e,,false,0.06642,29.78,0,0.2,1784334506
All Pools,BANKSY - USDC.e,,false,0.0655,29.33,0,0.2,1784334506
All Pools,BANKSY - AVAX,,false,0.06547,18.63,0,0.32,1784334506
All Pools,USDt - NEMO,,false,0.0649,96.5,0,0.06,1784334506
All Pools,AVAX - NEMO,,false,0.06478,6.612,0,0.89,1784334506
All Pools,USDC - BVAX,,false,0.06466,25.92,0,0.23,1784334506
All Pools,WBTC.e - USDC.e,,false,0.06445,8.084,0,0.73,1784334506
All Pools,bECH - AVAX,,false,0.06375,17.22,0,0.34,1784334506
All Pools,Gil - AVAX,,false,0.06374,13.81,0,0.42,1784334506
All Pools,NOCHILL - AMI,,false,0.06141,3.2,0,1.75,1784334506
All Pools,ACS - USDC.e,,false,0.06023,4.659,0,1.18,1784334506
All Pools,SLIME - USDt,,false,0.06006,6.148,0,0.89,1784334506
All Pools,Gil - DAI.e,,false,0.05972,26.5,0,0.21,1784334506
All Pools,gOHM - SB,,false,0.05956,17.09,0,0.32,1784334506
All Pools,MIM - GRAPE,,false,0.05806,106.52,0,0.05,1784334506
All Pools,WETH.e - yyAVAX,,false,0.05682,14.6,0,0.36,1784334506
All Pools,ICUBE - USDT.e,,false,0.05426,108.02,0,0.05,1784334506
All Pools,ICUBE - AVAX,,false,0.05419,5.405,0,0.91,1784334506
All Pools,AVAX - DAI,,false,0.05385,55.39,0,0.09,1784334506
All Pools,WLRS - USDC.e,,false,0.05361,3978.89,0,0,1784334506
All Pools,WLRS - GRAPE,,false,0.05325,8.34,0,0.58,1784334506
All Pools,Gladiator - AVAX,,false,0.05293,1.672,0,2.89,1784334506
All Pools,LINK.e - MU,,false,0.05172,6.91,0,0.68,1784334506
All Pools,GAINS - AVAX,,false,0.05139,30.94,0,0.15,1784334506
All Pools,REDWOLF - SHRAP,,false,0.05133,0.77416,0,6.05,1784334506
All Pools,PAPA - AVAX,,false,0.05093,10.43,0,0.45,1784334506
All Pools,MIM - PAPA,,false,0.05069,59.89,0,0.08,1784334506
All Pools,TRYB - USDC.e,,false,0.04956,31.89,0,0.14,1784334506
All Pools,CNR - USDt,,false,0.04946,4.518,0,1,1784334506
All Pools,MAI - TOMB,,false,0.04926,129.02,0,0.03,1784334506
All Pools,COQ - ARENA,,false,0.0487,0.91138,0,4.88,1784334506
All Pools,GAS - AVAX,,false,0.04855,133.73,0,0.03,1784334506
All Pools,FITFI - USDC,,false,0.04837,0.13416,0,32.9,1784334506
All Pools,USDR - USDC,,false,0.0477,40.22,0,0.11,1784334506
All Pools,METAG - USDt,,false,0.0476,15.49,0,0.28,1784334506
All Pools,RUGG - AVAX,,false,0.04535,216.46,0,0.02,1784334506
All Pools,MIM - RUG,,false,0.04503,5.808,0,0.71,1784334506
All Pools,AMI - COQAI,,false,0.04483,2.911,0,1.41,1784334506
All Pools,HEFE - AMI,,false,0.044,2.175,0,1.85,1784334506
All Pools,REDWOLF - SOL,,false,0.0438,58.69,0,0.07,1784334506
All Pools,USDC.e - RUG,,false,0.04329,17.3,0,0.23,1784334506
All Pools,YEEHAW - ARENA,,false,0.04311,0.99624,0,3.95,1784334506
All Pools,HATCHY - AMI,,false,0.04136,2.832,0,1.33,1784334506
All Pools,WOLF - AMI,,false,0.04063,2.42,0,1.53,1784334506
All Pools,HEFE - GAINS,,false,0.03927,8.316,0,0.43,1784334506
All Pools,JOE - ZABU,,false,0.03858,12.94,0,0.27,1784334506
All Pools,USDt - DXN,,false,0.03809,213.64,0,0.02,1784334506
All Pools,MIM - AUSD,,false,0.03755,10.09,0,0.34,1784334506
All Pools,KIMBO - AMI,,false,0.03722,2.469,0,1.38,1784334506
All Pools,GMX - USDt,,false,0.03568,0.35158,0,9.26,1784334506
All Pools,SURE - AVAX,,false,0.03464,5.444,0,0.58,1784334506
All Pools,CRA - AVAX,,false,0.03433,7253.82,0,0,1784334506
All Pools,DUO - USDT.e,,false,0.03429,6.214,0,0.5,1784334506
All Pools,Degen - AVAX,,false,0.03366,1430.66,0,0,1784334506
All Pools,AVAX - SDOG,,false,0.03345,6.567,0,0.46,1784334506
All Pools,ABC - AMI,,false,0.03341,2.267,0,1.34,1784334506
All Pools,SMRT - XAVA,,false,0.03287,2.289,0,1.31,1784334506
All Pools,CNR - USDC,,false,0.03241,4.497,0,0.66,1784334506
All Pools,AVAX - GAU,,false,0.03188,5.063,0,0.57,1784334506
All Pools,YEEHAW - USDC,,false,0.03181,5.537,0,0.52,1784334506
All Pools,METAG - USDT.e,,false,0.03166,47.55,0,0.06,1784334506
All Pools,BENSI - AMI,,false,0.0316,2.161,0,1.33,1784334506
All Pools,USDT.e - BOREA,,false,0.03115,25.83,0,0.11,1784334506
All Pools,AVAX - BOREA,,false,0.03115,5.528,0,0.51,1784334506
All Pools,CNR - REDWOLF,,false,0.03113,15.19,0,0.19,1784334506
All Pools,USDC - AVABBC,,false,0.03103,109.41,0,0.03,1784334506
All Pools,TECH - AMI,,false,0.02928,1.678,0,1.59,1784334506
All Pools,BTC.b - MU,,false,0.02926,10.03,0,0.27,1784334506
All Pools,GURS - AMI,,false,0.02876,1.33,0,1.97,1784334506
All Pools,RUG - USDT.e,,false,0.02854,10.3,0,0.25,1784334506
All Pools,COQ - NOCHILL,,false,0.02616,7.878,0,0.3,1784334506
All Pools,gOHM - JOE,,false,0.02605,3.238,0,0.73,1784334506
All Pools,GMX - JOE,,false,0.02591,0.299,0,7.91,1784334506
All Pools,WOLF - USDT.e,,false,0.02553,3.081,0,0.76,1784334506
All Pools,wALGO - USDC,,false,0.02539,2.419,0,0.96,1784334506
All Pools,wALGO - AVAX,,false,0.02537,117.69,0,0.02,1784334506
All Pools,AMI - MU,,false,0.02477,1.298,0,1.74,1784334506
All Pools,AVAX - USDR,,false,0.02467,2.487,0,0.91,1784334506
All Pools,JOE - ZUBAX,,false,0.02424,6.471,0,0.34,1784334506
All Pools,XIO - USDC,,false,0.02394,24.12,0,0.09,1784334506
All Pools,XIO - AVAX,,false,0.02391,2.357,0,0.93,1784334506
All Pools,PNG - REDWOLF,,false,0.0236,3.493,0,0.62,1784334506
All Pools,GURS - NOCHILL,,false,0.02316,1.14,0,1.85,1784334506
All Pools,AVAX - BLANC,,false,0.02304,6.785,0,0.31,1784334506
All Pools,MIM - BLANC,,false,0.02291,1103.37,0,0,1784334506
All Pools,WETH.e - USDR,,false,0.0228,2.442,0,0.85,1784334506
All Pools,USDC - WSPP,,false,0.02218,42.22,0,0.05,1784334506
All Pools,AVAX - WSPP,,false,0.02218,2.352,0,0.86,1784334506
All Pools,NOCHILL - REDWOLF,,false,0.02213,2.191,0,0.92,1784334506
All Pools,GATOR - AMI,,false,0.02154,3.396,0,0.58,1784334506
All Pools,AVAX - aSOCK,,false,0.02043,9.859,0,0.19,1784334506
All Pools,BTC.b - USDC,,false,0.02038,4.228,0,0.44,1784334506
All Pools,BUSD - USDC,,false,0.0203,7.441,0,0.25,1784334506
All Pools,AMI - aSOCK,,false,0.02029,1.63,0,1.14,1784334506
All Pools,WETH.e - MU,,false,0.01957,1.794,0,1,1784334506
All Pools,USDibs - USDC.e,,false,0.01952,341869,0,0,1784334506
All Pools,USDC.e - WOLF,,false,0.01948,7.54,0,0.24,1784334506
All Pools,AVAX - WOLF,,false,0.01942,54.1,0,0.03,1784334506
All Pools,wsOHM - AVAX,,false,0.01925,7.87,0,0.22,1784334506
All Pools,MELT - USDC.e,,false,0.01893,5.935,0,0.29,1784334506
All Pools,MELT - AVAX,,false,0.01886,814.87,0,0,1784334506
All Pools,USDt - SNOWY,,false,0.0184,5.315,0,0.32,1784334506
All Pools,SUB - AVAX,,false,0.01832,15.06,0,0.11,1784334506
All Pools,ELE - AVAX,,false,0.01803,88.62,0,0.02,1784334506
All Pools,JPYC - USDC.e,,false,0.01795,4.877,0,0.34,1784334506
All Pools,COQ - SNOWY,,false,0.01795,0.83946,0,1.95,1784334506
All Pools,Milk - USDT.e,,false,0.01768,13.73,0,0.12,1784334506
All Pools,Milk - AVAX,,false,0.01759,5.357,0,0.3,1784334506
All Pools,USDT.e - TMT,,false,0.01733,25.17,0,0.06,1784334506
All Pools,AVAX - TMT,,false,0.01724,5.832,0,0.27,1784334506
All Pools,KLO - USDT.e,,false,0.01632,5.373,0,0.28,1784334506
All Pools,wMEMO - AVAX,,false,0.01624,6.425,0,0.23,1784334506
All Pools,AVAX - GG,,false,0.01619,5.007,0,0.29,1784334506
All Pools,MIM - GG,,false,0.01612,65.63,0,0.02,1784334506
All Pools,AVAX - SPT,,false,0.01609,0.13065,0,11.24,1784334506
All Pools,DUNEV3 - USDC.e,,false,0.01605,26242,0,0,1784334506
All Pools,COQ - REDWOLF,,false,0.016,8.594,0,0.17,1784334506
All Pools,USDibs - WLRS,,false,0.01587,70811,0,0,1784334506
All Pools,YEEHAW - AMI,,false,0.01586,3.191,0,0.45,1784334506
All Pools,MIM - DUNEV3,,false,0.0157,52681,0,0,1784334506
All Pools,MPL - USDt,,false,0.01558,29.83,0,0.05,1784334506
All Pools,MPL - AVAX,,false,0.01552,5.093,0,0.28,1784334506
All Pools,WDAO - AVAX,,false,0.01548,9.85,0,0.14,1784334506
All Pools,WDAO - MIM,,false,0.01541,5.028,0,0.28,1784334506
All Pools,MAJIN - MU,,false,0.01511,3.608,0,0.38,1784334506
All Pools,MAJIN - AVAX,,false,0.01502,2982.95,0,0,1784334506
All Pools,USDC.e - SPADE,,false,0.01477,15.36,0,0.09,1784334506
All Pools,UST - USDC,,false,0.01472,3.89,0,0.35,1784334506
All Pools,AVAX - SPADE,,false,0.0147,4.911,0,0.27,1784334506
All Pools,LYD - REDWOLF,,false,0.01446,4.101,0,0.32,1784334506
All Pools,MU - KET,,false,0.01443,0.88948,0,1.48,1784334506
All Pools,NXPC - AVAX,,false,0.01441,0.99503,0,1.32,1784334506
All Pools,STOMB - AVAX,,false,0.01437,5220.08,0,0,1784334506
All Pools,USDT.e - GOT,,false,0.01415,12.26,0,0.11,1784334506
All Pools,AVAX - GOT,,false,0.01408,4.257,0,0.3,1784334506
All Pools,CNR - AVAX,,false,0.01392,48.52,0,0.03,1784334506
All Pools,AUSD - HUSKY,,false,0.01374,0.48145,0,2.6,1784334506
All Pools,TruthClosure - AVAX,,false,0.01347,7.689,0,0.16,1784334506
All Pools,HIGHER - AMI,,false,0.01347,1.99,0,0.62,1784334506
All Pools,TruthClosure - BLACK,,false,0.01343,12.72,0,0.1,1784334506
All Pools,NOCHILL - ARENA,,false,0.01304,0.29027,0,4.1,1784334506
All Pools,NOCHILL - MU,,false,0.01275,1.451,0,0.8,1784334506
All Pools,AAVE.e - meGNX,,false,0.01275,3.546,0,0.33,1784334506
All Pools,AMPL - AVAX,,false,0.01275,210,0,0.01,1784334506
All Pools,BOI - AVAX,,false,0.01261,42.02,0,0.03,1784334506
All Pools,Degen - DEGEN404,,false,0.01256,247.5,0,0,1784334506
All Pools,BOI - AMI,,false,0.01243,0.51175,0,2.22,1784334506
All Pools,GAINS - MEAT,,false,0.01238,0.68545,0,1.65,1784334506
All Pools,USDT.e - iBONE,,false,0.01236,4.412,0,0.26,1784334506
All Pools,WABBIT - AMI,,false,0.0123,0.90731,0,1.24,1784334506
All Pools,AMI - DEGEN404,,false,0.01228,0.76332,0,1.47,1784334506
All Pools,AVAX - iBONE,,false,0.01228,4.216,0,0.27,1784334506
All Pools,SBR - AVAX,,false,0.01228,3.658,0,0.31,1784334506
All Pools,MIM - SBR,,false,0.01221,10.31,0,0.11,1784334506
All Pools,3ULL - USDt,,false,0.01203,2.144,0,0.51,1784334506
All Pools,3ULL - AVAX,,false,0.01192,34.09,0,0.03,1784334506
All Pools,FITFI - USDC.e,,false,0.01189,0.0718,0,15.11,1784334506
All Pools,CATWIF - MU,,false,0.01174,2.895,0,0.37,1784334506
All Pools,USDC - AMI,,false,0.01173,0.52209,0,2.05,1784334506
All Pools,CATWIF - AVAX,,false,0.01171,2282.58,0,0,1784334506
All Pools,BGLD - USDT.e,,false,0.01168,16.37,0,0.07,1784334506
All Pools,BGLD - AVAX,,false,0.01162,3.588,0,0.3,1784334506
All Pools,KOKSAL - USDC,,false,0.01141,4.43,0,0.24,1784334506
All Pools,AAVE.e - USDT.e,,false,0.01137,2.565,0,0.4,1784334506
All Pools,KOKSAL - AVAX,,false,0.01134,2.785,0,0.37,1784334506
All Pools,BNZ - AVAX,,false,0.01129,148.73,0,0.01,1784334506
All Pools,BNZ - KET,,false,0.01122,2.338,0,0.44,1784334506
All Pools,TRACTOR - USDT.e,,false,0.01121,1.654,0,0.62,1784334506
All Pools,BENIS - NOCHILL,,false,0.01119,2.69,0,0.38,1784334506
All Pools,TRACTOR - AVAX,,false,0.01112,10574,0,0,1784334506
All Pools,USDC.e - WISE,,false,0.011,6.687,0,0.15,1784334506
All Pools,BENIS - AVAX,,false,0.01092,10.73,0,0.09,1784334506
All Pools,USDC.e - TUSK,,false,0.01092,9.307,0,0.11,1784334506
All Pools,AVAX - WISE,,false,0.01091,2.246,0,0.44,1784334506
All Pools,USDt - USDC.e,,false,0.01086,14.17,0,0.07,1784334506
All Pools,AVAX - JUICY,,false,0.01085,1992.6,0,0,1784334506
All Pools,AVAX - TUSK,,false,0.01083,2.033,0,0.49,1784334506
All Pools,AMI - JUICY,,false,0.01074,0.5565,0,1.76,1784334506
All Pools,XOMB - USDT.e,,false,0.01043,2.072,0,0.46,1784334506
All Pools,XOMB - AVAX,,false,0.01035,15.6,0,0.06,1784334506
All Pools,QI - LYLY,,false,0.01024,1.756,0,0.53,1784334506
All Pools,KOVIN - MU,,false,0.01023,2.485,0,0.38,1784334506
All Pools,AVAX - LYLY,,false,0.01017,50.32,0,0.02,1784334506
All Pools,MEOW - MU,,false,0.00974,1.338,0,0.66,1784334506
All Pools,DWC - MU,,false,0.00963,2.725,0,0.32,1784334506
All Pools,NRK - DAI.e,,false,0.00961,281.29,0,0,1784334506
All Pools,AVAX - DWC,,false,0.00959,4097.02,0,0,1784334506
All Pools,USDC.e - SMRT,,false,0.00951,1.84,0,0.47,1784334506
All Pools,USDT.e - NORTH,,false,0.00939,27.2,0,0.03,1784334506
All Pools,AVAX - NORTH,,false,0.00933,1.83,0,0.47,1784334506
All Pools,JOE - aDXN,,false,0.00933,0.26317,0,3.23,1784334506
All Pools,MEAT - MU,,false,0.00888,0.38016,0,2.13,1784334506
All Pools,USDC.e - BAVA,,false,0.0085,2.628,0,0.3,1784334506
All Pools,Degen - AMI,,false,0.00848,0.80134,0,0.97,1784334506
All Pools,AMI - MOOCH,,false,0.00799,0.37529,0,1.94,1784334506
All Pools,XAVA - HON,,false,0.00791,1.152,0,0.63,1784334506
All Pools,AKA - USDt,,false,0.00787,2.715,0,0.26,1784334506
All Pools,AAVE.e - USDC.e,,false,0.00785,1.236,0,0.58,1784334506
All Pools,AKA - AVAX,,false,0.00778,1.784,0,0.4,1784334506
All Pools,TokenZ - USDC,,false,0.00772,3.55,0,0.2,1784334506
All Pools,TokenZ - AVAX,,false,0.00767,1.913,0,0.37,1784334506
All Pools,COQ - MEAT,,false,0.00758,0.42057,0,1.65,1784334506
All Pools,USDt - IMPACT,,false,0.00725,1.695,0,0.39,1784334506
All Pools,AVAX - IMPACT,,false,0.00721,2.688,0,0.24,1784334506
All Pools,USDC - COSMIC,,false,0.00704,53.84,0,0.01,1784334506
All Pools,Balln - AMI,,false,0.00704,0.50223,0,1.28,1784334506
All Pools,AVAX - COSMIC,,false,0.00699,1.053,0,0.61,1784334506
All Pools,QI - REDWOLF,,false,0.00696,1.141,0,0.56,1784334506
All Pools,JOE - REDWOLF,,false,0.00688,2.752,0,0.23,1784334506
All Pools,XPOW - USDt,,false,0.00681,1.077,0,0.58,1784334506
All Pools,XPOW - AVAX,,false,0.00676,77.99,0,0.01,1784334506
All Pools,USDC - SPT,,false,0.00674,0.17281,0,3.56,1784334506
All Pools,LF - USDT.e,,false,0.00664,0.96009,0,0.63,1784334506
All Pools,USDC - TT,,false,0.00664,1.988,0,0.3,1784334506
All Pools,AVAX - TT,,false,0.00659,1.627,0,0.37,1784334506
All Pools,Gladiator - AMI,,false,0.00656,1.2,0,0.5,1784334506
All Pools,WITCH - USDC,,false,0.00655,1.553,0,0.38,1784334506
All Pools,DCAR - USDC,,false,0.00652,55.93,0,0.01,1784334506
All Pools,WITCH - AVAX,,false,0.0065,2.119,0,0.28,1784334506
All Pools,DCAR - AVAX,,false,0.00647,0.9327,0,0.63,1784334506
All Pools,BEAM - MU,,false,0.0064,0.94909,0,0.62,1784334506
All Pools,ACS - USDt,,false,0.00637,0.84568,0,0.69,1784334506
All Pools,Anon - USDC,,false,0.00613,0.63504,0,0.88,1784334506
All Pools,Anon - AVAX,,false,0.00606,7.453,0,0.07,1784334506
All Pools,JOE - aXEN,,false,0.0059,0.16627,0,3.24,1784334506
All Pools,LOIQ - AMI,,false,0.00556,0.39577,0,1.28,1784334506
All Pools,MIM - AFARMER,,false,0.00525,3495.16,0,0,1784334506
All Pools,savUSD - avUSD,,false,0.00518,6.53,0,0.07,1784334506
All Pools,UNIQOC - AVAX,,false,0.00484,810.48,0,0,1784334506
All Pools,GURS - UNIQOC,,false,0.00476,0.2965,0,1.46,1784334506
All Pools,AVAX - LODE,,false,0.00452,0.84671,0,0.49,1784334506
All Pools,CAI - AVAX,,false,0.00447,1277.64,0,0,1784334506
All Pools,MU - WAIFU,,false,0.00444,123.39,0,0,1784334506
All Pools,TIME - SPELL,,false,0.00442,0.37799,0,1.07,1784334506
All Pools,CAI - AMI,,false,0.00441,0.34118,0,1.18,1784334506
All Pools,Quet - AVAX,,false,0.00398,0.12264,0,2.96,1784334506
All Pools,MEOW - AMI,,false,0.00396,0.32581,0,1.11,1784334506
All Pools,AVAX - KONG,,false,0.00392,5550.78,0,0,1784334506
All Pools,AMI - KONG,,false,0.00386,0.28123,0,1.25,1784334506
All Pools,JADE - AVAX,,false,0.00384,0.12654,0,2.77,1784334506
All Pools,Quet - ARENA,,false,0.00381,0.43092,0,0.81,1784334506
All Pools,xARENA - AVAX,,false,0.00327,0.05281,0,5.66,1784334506
All Pools,DEV - AVAX,,false,0.00321,3.4,0,0.09,1784334506
All Pools,YEEHAW - ABC,,false,0.00312,0.21812,0,1.31,1784334506
All Pools,xARENA - ARENA,,false,0.00305,1.013,0,0.27,1784334506
All Pools,COOK - AMI,,false,0.00302,0.13207,0,2.09,1784334506
All Pools,yes - AVAX,,false,0.00299,1222.11,0,0,1784334506
All Pools,DEV - ARENA,,false,0.00298,0.04049,0,6.71,1784334506
All Pools,yes - ARENA,,false,0.00282,0.04976,0,5.18,1784334506
All Pools,YEEHAW - MU,,false,0.00228,0.12161,0,1.71,1784334506
All Pools,ABOB - AVAX,,false,0.00218,595.16,0,0,1784334506
All Pools,ERROR - AMI,,false,0.00215,1.864,0,0.11,1784334506
All Pools,ABOB - AMI,,false,0.00213,0.09148,0,2.12,1784334506
All Pools,JOE - USDt,,false,0.00186,0.63941,0,0.27,1784334506
All Pools,AVAX - HeC,,false,0.00177,7321.06,0,0,1784334506
All Pools,GURS - MU,,false,0.00173,0.06386,0,2.47,1784334506
All Pools,AMI - GEC,,false,0.00133,0.04492,0,2.71,1784334506
All Pools,SYN - JOE,,false,0.00107,0.01529,0,6.39,1784334506
All Pools,Naughty - AVAX,,false,0.00106,170.71,0,0,1784334506
All Pools,Naughty - AMI,,false,0.00102,0.02507,0,3.7,1784334506
All Pools,AVAX - BLACK,,false,0,3.296,0,0.03,1784334506
All Pools,HUSKY - MU,,false,0,0.03714,0,1.64,1784334506
All Pools,GGP - AMI,,false,0,0.00789,0,6.57,1784334506
All Pools,LAMBO - AVAX,,false,0,0.00608,0,4.07,1784334506
All Pools,NOCHILL - USDC,,false,0,0.00279,0,7.03,1784334506
All Pools,AIVAX - AVAX,,false,0,0.0206,0,0.59,1784334506
All Pools,CAPY - AVAX,,false,0,0.01465,0,0.79,1784334506
All Pools,AVAX - GOOBR,,false,0,0.30154,0,0.02,1784334506
All Pools,ORDER - AVAX,,false,0,0.06304,0,0.03,1784334506
All Pools,FATE - USDC,,false,0,456930,0,0,1784334506
All Pools,FFJOE - AVAX,,false,0,0,0,7.74,1784334506
All Pools,BIRD - AVAX,,false,0,0.00965,0,0.01,1784334506
All Pools,WETH.e - USDt,,false,0,0.06718,0,0,1784334506
All Pools,MIM - WINE,,false,0,149.05,0,0,1784334506
All Pools,MEAD - AVAX,,false,0,101.79,0,0,1784334506