filter,pool_name,fee_percent,has_rewards,volume_24h,liquidity,fees_24h,apr_24h,epoch_time
Manual (V2),AVAX - USDC,0.05,True,210434495.0,21610739.0,108291.0,188.24,1758102817
Manual (V2),WETH.e - AVAX,0.05,False,38646580.0,8359067.0,19576.0,85.48,1758102817
Manual (V2),AVAX - BTC.b,0.05,True,10624492.0,6167678.0,5567.78,84.85,1758102817
Manual (V2),AUSD - USDt,0.01,True,7439303.0,1645872.0,749.71,36.69,1758102817
Manual (V2),AUSD - USDC,0.01,True,7196904.0,1683820.0,721.97,35.27,1758102817
Manual (V2),USDt - USDC,0.005,True,3369095.0,9545620.0,236.3,9.57,1758102817
Manual (V2),sAVAX - AVAX,0.01,True,2695396.0,16511775.0,272.96,1.68,1758102817
Manual (V2),AUSD - AVAX,0.1,True,1447212.0,456981.0,1477.69,278.07,1758102817
Manual (V2),EURC - USDC,0.03,True,1258421.0,1762353.0,390.47,30.6,1758102817
Manual (V2),USDt - USDC,0.01,False,1159329.0,187199.0,96.84,18.88,1758102817
Manual (V2),BTC.b - USDC,0.05,False,1139753.0,1422922.0,577.44,14.81,1758102817
Manual (V2),WBTC - BTC.b,0.03,True,1069349.0,1281153.0,321.55,17.75,1758102817
Manual (V2),ggAVAX - AVAX,0.04,True,890200.0,9968573.0,90.22,1.98,1758102817
Manual (V2),SOL - AVAX,0.1,False,607532.0,1487740.0,614.54,15.08,1758102817
Manual (V2),YBTC.B - WBTC,0.01,False,539451.0,567760.0,54.49,3.5,1758102817
Manual (V2),EURC - AVAX,0.1,False,441098.0,1589597.0,450.73,10.35,1758102817
Manual (V2),deUSD - USDC,0.01,True,412109.0,267599.0,67.3,17.43,1758102817
Manual (V2),EUROP - USDC,0.1,False,393578.0,1707210.0,401.45,8.58,1758102817
Manual (V2),SolvBTC - BTC.b,0.04,True,293050.0,3964568.0,100.59,12.57,1758102817
Manual (V2),GUN - AVAX,0.25,False,203779.0,653870.0,514.82,28.74,1758102817
Manual (V2),GUN - AVAX,0.1,False,196944.0,82064.0,206.49,91.84,1758102817
Manual (V2),WBTC.e - BTC.b,0.03,False,122103.0,491001.0,36.73,2.73,1758102817
Manual (V2),savUSD - avUSD,0.02,True,121331.0,4396460.0,24.29,7.71,1758102817
Manual (V2),deUSD - AUSD,0.01,True,108191.0,45256.0,12.79,59.86,1758102817
Manual (V2),ARENA - AVAX,0.4,False,98332.0,22905.0,436.92,696.26,1758102817
Manual (V2),AVAX - USDC,0.2,False,75760.0,860402.0,152.66,6.48,1758102817
Manual (V2),XSGD - USDC,0.05,True,63056.0,49924.0,32.29,76.29,1758102817
Manual (V2),AVAX - USDt,0.2,False,38807.0,327958.0,78.31,8.72,1758102817
Manual (V2),WETH.e - AVAX,0.25,False,36377.0,3758530.0,91.38,0.89,1758102817
Manual (V2),USDT.e - USDt,0.02,False,30092.0,46330.0,6.038,4.76,1758102817
Manual (V2),BEAM - AVAX,0.25,True,20567.0,65547.0,51.54,613.2,1758102817
Manual (V2),USDT.e - USDC,0.02,False,18977.0,58408.0,3.831,2.39,1758102817
Manual (V2),USDC.e - USDC,0.02,False,14142.0,25256.0,1.418,2.05,1758102817
Manual (V2),AVAX - avUSD,0.25,True,12744.0,23491.0,32.08,663.31,1758102817
Manual (V2),DAI.e - USDC,0.02,False,11654.0,29469.0,3.515,4.35,1758102817
Manual (V2),DAI.e - USDt,0.25,False,11275.0,23125.0,28.22,44.54,1758102817
Manual (V2),SHRAP - AVAX,0.4,False,11260.0,30631.0,46.68,55.62,1758102817
Manual (V2),XAVA - AVAX,0.8,False,10855.0,523281.0,87.3,6.09,1758102817
Manual (V2),USDC - MXNB,0.04,False,7947.21,49304.0,9.177,6.79,1758102817
Manual (V2),GHO - USDC,0.1,False,7081.29,1350428.0,7.107,0.19,1758102817
Manual (V2),YAK - AVAX,0.4,False,4014.07,99083.0,16.15,5.95,1758102817
Manual (V2),sAVAX - avUSD,0.25,False,3404.45,13060.0,8.6,24.04,1758102817
Manual (V2),USDT.e - USDC,0.02,False,3022.47,980.63,0.31684,11.79,1758102817
Manual (V2),WETH.e - USDC,0.15,False,2234.04,12370.0,3.417,10.08,1758102817
Manual (V2),BTC.b - AVAX,0.1,False,1747.17,591409.0,1.914,0.12,1758102817
Manual (V2),QI - AVAX,0.25,False,1427.61,97090.0,3.582,1.35,1758102817
Manual (V2),USDC.e - USDC,0.02,False,965.26,5893.84,0.1935,1.2,1758102817
Manual (V2),JOE - AVAX,0.15,False,874.23,263670.0,1.441,0.2,1758102817
Manual (V2),LIMBO - AVAX,0.25,False,765.11,84271.0,1.978,0.86,1758102817
Manual (V2),AMI - AVAX,0.25,False,617.32,2371.57,1.619,24.92,1758102817
Manual (V2),JOE - AVAX,0.25,False,511.31,88003.0,1.291,0.54,1758102817
Manual (V2),LIMBO - AVAX,0.25,False,470.72,84277.0,1.209,0.52,1758102817
Manual (V2),BLACK - USDC,0.1,False,459.16,0.53484,0.65829,44924.66,1758102817
Manual (V2),ARENA - AVAX,0.25,False,413.09,0.0,1.089,∞,1758102817
Manual (V2),GHO - AVAX,0.8,False,246.38,4420.93,1.99,16.43,1758102817
Manual (V2),COQ - AVAX,0.8,False,173.66,82487.0,1.418,0.63,1758102817
Manual (V2),YAK - USDt,0.8,False,161.74,3197.59,1.301,14.85,1758102817
Manual (V2),rsAVAX - AVAX,0.1,False,152.15,4758.25,0.15428,1.18,1758102817
Manual (V2),GAGA - USDC,0.4,False,88.75,84210.0,0.35595,0.15,1758102817
Manual (V2),MIM - USDt,0.03,False,53.41,14.24,0.03257,83.46,1758102817
Manual (V2),sUSDe - USDC,0.1,True,50.01,3919475.0,0.05008,15.3,1758102817
Manual (V2),weETH - WETH.e,0.04,False,38.4,3863558.0,0.0153,0.0₃15,1758102817
Manual (V2),JOE - USDC,0.25,False,34.56,551.85,0.08905,5.89,1758102817
Manual (V2),XAVA - AVAX,0.4,False,28.58,843.62,0.11543,4.99,1758102817
Manual (V2),QI - AVAX,0.25,False,11.29,97021.0,0.02914,0.01,1758102817
Basic (V1),AVAX - USDC,0.05,True,210434495.0,21610739.0,108291.0,188.24,1758102817
Basic (V1),WETH.e - AVAX,0.05,False,38646580.0,8359067.0,19576.0,85.48,1758102817
Basic (V1),AVAX - BTC.b,0.05,True,10624492.0,6167678.0,5567.78,84.85,1758102817
Basic (V1),AUSD - USDt,0.01,True,7439303.0,1645872.0,749.71,36.69,1758102817
Basic (V1),AUSD - USDC,0.01,True,7196904.0,1683820.0,721.97,35.27,1758102817
Basic (V1),USDt - USDC,0.005,True,3369095.0,9545620.0,236.3,9.57,1758102817
Basic (V1),sAVAX - AVAX,0.01,True,2695396.0,16511775.0,272.96,1.68,1758102817
Basic (V1),AUSD - AVAX,0.1,True,1447212.0,456981.0,1477.69,278.07,1758102817
Basic (V1),EURC - USDC,0.03,True,1258421.0,1762353.0,390.47,30.6,1758102817
Basic (V1),USDt - USDC,0.01,False,1159329.0,187199.0,96.84,18.88,1758102817
Basic (V1),BTC.b - USDC,0.05,False,1139753.0,1422922.0,577.44,14.81,1758102817
Basic (V1),WBTC - BTC.b,0.03,True,1069349.0,1281153.0,321.55,17.75,1758102817
Basic (V1),ggAVAX - AVAX,0.04,True,890200.0,9968573.0,90.22,1.98,1758102817
Basic (V1),SOL - AVAX,0.1,False,607532.0,1487740.0,614.54,15.08,1758102817
Basic (V1),YBTC.B - WBTC,0.01,False,539451.0,567760.0,54.49,3.5,1758102817
Basic (V1),EURC - AVAX,0.1,False,441098.0,1589597.0,450.73,10.35,1758102817
Basic (V1),deUSD - USDC,0.01,True,412109.0,267599.0,67.3,17.43,1758102817
Basic (V1),EUROP - USDC,0.1,False,393578.0,1707210.0,401.45,8.58,1758102817
Basic (V1),SolvBTC - BTC.b,0.04,True,293050.0,3964568.0,100.59,12.57,1758102817
Basic (V1),GUN - AVAX,0.25,False,203779.0,653870.0,514.82,28.74,1758102817
Basic (V1),GUN - AVAX,0.1,False,196944.0,82064.0,206.49,91.84,1758102817
Basic (V1),WBTC.e - BTC.b,0.03,False,122103.0,491001.0,36.73,2.73,1758102817
Basic (V1),savUSD - avUSD,0.02,True,121331.0,4396460.0,24.29,7.71,1758102817
Basic (V1),deUSD - AUSD,0.01,True,108191.0,45256.0,12.79,59.86,1758102817
Basic (V1),ARENA - AVAX,0.4,False,98332.0,22905.0,436.92,696.26,1758102817
Basic (V1),AVAX - USDC,0.2,False,75760.0,860402.0,152.66,6.48,1758102817
Basic (V1),XSGD - USDC,0.05,True,63056.0,49924.0,32.29,76.29,1758102817
Basic (V1),AVAX - USDt,0.2,False,38807.0,327958.0,78.31,8.72,1758102817
Basic (V1),WETH.e - AVAX,0.25,False,36377.0,3758530.0,91.38,0.89,1758102817
Basic (V1),USDT.e - USDt,0.02,False,30092.0,46330.0,6.038,4.76,1758102817
Basic (V1),BEAM - AVAX,0.25,True,20567.0,65547.0,51.54,613.2,1758102817
Basic (V1),USDT.e - USDC,0.02,False,18977.0,58408.0,3.831,2.39,1758102817
Basic (V1),USDC.e - USDC,0.02,False,14142.0,25256.0,1.418,2.05,1758102817
Basic (V1),AVAX - avUSD,0.25,True,12744.0,23491.0,32.08,663.31,1758102817
Basic (V1),DAI.e - USDC,0.02,False,11654.0,29469.0,3.515,4.35,1758102817
Basic (V1),DAI.e - USDt,0.25,False,11275.0,23125.0,28.22,44.54,1758102817
Basic (V1),SHRAP - AVAX,0.4,False,11260.0,30631.0,46.68,55.62,1758102817
Basic (V1),XAVA - AVAX,0.8,False,10855.0,523281.0,87.3,6.09,1758102817
Basic (V1),USDC - MXNB,0.04,False,7947.21,49304.0,9.177,6.79,1758102817
Basic (V1),GHO - USDC,0.1,False,7081.29,1350428.0,7.107,0.19,1758102817
Basic (V1),YAK - AVAX,0.4,False,4014.07,99083.0,16.15,5.95,1758102817
Basic (V1),sAVAX - avUSD,0.25,False,3404.45,13060.0,8.6,24.04,1758102817
Basic (V1),USDT.e - USDC,0.02,False,3022.47,980.63,0.31684,11.79,1758102817
Basic (V1),WETH.e - USDC,0.15,False,2234.04,12370.0,3.417,10.08,1758102817
Basic (V1),BTC.b - AVAX,0.1,False,1747.17,591409.0,1.914,0.12,1758102817
Basic (V1),QI - AVAX,0.25,False,1427.61,97090.0,3.582,1.35,1758102817
Basic (V1),USDC.e - USDC,0.02,False,965.26,5893.84,0.1935,1.2,1758102817
Basic (V1),JOE - AVAX,0.15,False,874.23,263670.0,1.441,0.2,1758102817
Basic (V1),LIMBO - AVAX,0.25,False,765.11,84271.0,1.978,0.86,1758102817
Basic (V1),AMI - AVAX,0.25,False,617.32,2371.57,1.619,24.92,1758102817
Basic (V1),JOE - AVAX,0.25,False,511.31,88003.0,1.291,0.54,1758102817
Basic (V1),LIMBO - AVAX,0.25,False,470.72,84277.0,1.209,0.52,1758102817
Basic (V1),BLACK - USDC,0.1,False,459.16,0.53484,0.65829,44924.66,1758102817
Basic (V1),ARENA - AVAX,0.25,False,413.09,0.0,1.089,∞,1758102817
Basic (V1),GHO - AVAX,0.8,False,246.38,4420.93,1.99,16.43,1758102817
Basic (V1),COQ - AVAX,0.8,False,173.66,82487.0,1.418,0.63,1758102817
Basic (V1),YAK - USDt,0.8,False,161.74,3197.59,1.301,14.85,1758102817
Basic (V1),rsAVAX - AVAX,0.1,False,152.15,4758.25,0.15428,1.18,1758102817
Basic (V1),GAGA - USDC,0.4,False,88.75,84210.0,0.35595,0.15,1758102817
Basic (V1),MIM - USDt,0.03,False,53.41,14.24,0.03257,83.46,1758102817
Basic (V1),sUSDe - USDC,0.1,True,50.01,3919475.0,0.05008,15.3,1758102817
Basic (V1),weETH - WETH.e,0.04,False,38.4,3863558.0,0.0153,0.0₃15,1758102817
Basic (V1),JOE - USDC,0.25,False,34.56,551.85,0.08905,5.89,1758102817
Basic (V1),XAVA - AVAX,0.4,False,28.58,843.62,0.11543,4.99,1758102817
Basic (V1),QI - AVAX,0.25,False,11.29,97021.0,0.02914,0.01,1758102817
Manual (V2),AVAX - USDC,0.05,True,237655723.0,21490036.0,121985.0,212.83,1758114006
Manual (V2),WETH.e - AVAX,0.05,False,43475932.0,8308571.0,22018.0,96.73,1758114006
Manual (V2),AVAX - BTC.b,0.05,True,11287331.0,6127970.0,5865.4,86.77,1758114006
Manual (V2),AUSD - USDt,0.01,True,7472706.0,1941103.0,753.04,31.04,1758114006
Manual (V2),AUSD - USDC,0.01,True,7153026.0,1635850.0,717.34,36.06,1758114006
Manual (V2),USDt - USDC,0.005,True,4747594.0,9655339.0,332.62,9.77,1758114006
Manual (V2),sAVAX - AVAX,0.01,True,1282287.0,16387157.0,128.85,1.38,1758114006
Manual (V2),BTC.b - USDC,0.05,False,1170895.0,1422012.0,593.12,15.22,1758114006
Manual (V2),USDt - USDC,0.01,False,1168688.0,186925.0,97.58,19.05,1758114006
Manual (V2),WBTC - BTC.b,0.03,True,1067239.0,1290991.0,320.9,17.54,1758114006
Manual (V2),AUSD - AVAX,0.1,True,965544.0,454749.0,978.07,276.67,1758114006
Manual (V2),EURC - USDC,0.03,True,660526.0,1560014.0,204.35,32.96,1758114006
Manual (V2),YBTC.B - WBTC,0.01,False,556448.0,569619.0,56.19,3.6,1758114006
Manual (V2),SOL - AVAX,0.1,False,514312.0,1473438.0,519.49,12.87,1758114006
Manual (V2),deUSD - USDC,0.01,True,412010.0,265528.0,67.29,17.51,1758114006
Manual (V2),EURC - AVAX,0.1,False,382253.0,1581741.0,389.88,9,1758114006
Manual (V2),GUN - AVAX,0.25,False,330540.0,656779.0,844.06,46.91,1758114006
Manual (V2),SolvBTC - BTC.b,0.04,True,274522.0,3960858.0,93.85,12.44,1758114006
Manual (V2),GUN - AVAX,0.1,False,221937.0,83107.0,234.19,102.86,1758114006
Manual (V2),ggAVAX - AVAX,0.04,True,203160.0,9888352.0,20.32,1.73,1758114006
Manual (V2),savUSD - avUSD,0.02,True,129392.0,4399779.0,25.91,7.67,1758114006
Manual (V2),WBTC.e - BTC.b,0.03,False,122077.0,488375.0,36.72,2.74,1758114006
Manual (V2),deUSD - AUSD,0.01,True,113312.0,42686.0,13.31,63.6,1758114006
Manual (V2),ARENA - AVAX,0.4,False,112411.0,83821.0,498.32,217,1758114006
Manual (V2),XSGD - USDC,0.05,True,72519.0,49923.0,37.03,79.4,1758114006
Manual (V2),AVAX - USDC,0.2,False,60487.0,855371.0,121.78,5.2,1758114006
Manual (V2),USDT.e - USDt,0.02,False,34346.0,46116.0,6.889,5.45,1758114006
Manual (V2),AVAX - USDt,0.2,False,30293.0,325528.0,61.12,6.85,1758114006
Manual (V2),EUROP - USDC,0.1,False,27122.0,1707210.0,27.17,0.58,1758114006
Manual (V2),WETH.e - AVAX,0.25,False,25812.0,3739307.0,64.77,0.63,1758114006
Manual (V2),BEAM - AVAX,0.25,True,18291.0,64882.0,45.83,618.22,1758114006
Manual (V2),USDC.e - USDC,0.02,False,14834.0,25256.0,1.487,2.15,1758114006
Manual (V2),USDT.e - USDC,0.02,False,14606.0,58366.0,2.958,1.85,1758114006
Manual (V2),AVAX - avUSD,0.25,True,11237.0,23439.0,28.3,623.76,1758114006
Manual (V2),DAI.e - USDC,0.02,False,10895.0,29461.0,3.36,4.16,1758114006
Manual (V2),XAVA - AVAX,0.8,False,10523.0,517857.0,84.61,5.96,1758114006
Manual (V2),SHRAP - AVAX,0.4,False,8519.16,30133.0,35.46,42.95,1758114006
Manual (V2),USDC - MXNB,0.04,False,7832.0,49304.0,9.127,6.76,1758114006
Manual (V2),GHO - USDC,0.1,False,4302.91,1350428.0,4.324,0.12,1758114006
Manual (V2),sAVAX - avUSD,0.25,False,3491.1,13061.0,8.818,24.64,1758114006
Manual (V2),YAK - AVAX,0.4,False,3262.97,98525.0,13.14,4.87,1758114006
Manual (V2),USDT.e - USDC,0.02,False,2308.8,977.44,0.24122,9.01,1758114006
Manual (V2),WETH.e - USDC,0.15,False,2303.59,12368.0,3.522,10.39,1758114006
Manual (V2),DAI.e - USDt,0.25,False,1633.89,23039.0,4.055,6.42,1758114006
Manual (V2),BTC.b - AVAX,0.1,False,1571.17,586480.0,1.688,0.11,1758114006
Manual (V2),AMI - AVAX,0.25,False,1333.5,2172.96,4.332,72.77,1758114006
Manual (V2),PRIME - AVAX,0.4,False,973.54,320698.0,4.408,0.5,1758114006
Manual (V2),USDC.e - USDC,0.02,False,909.59,5894.45,0.18234,1.13,1758114006
Manual (V2),ARENA - AVAX,2.5,False,886.7,5410.9,22.82,153.96,1758114006
Manual (V2),JOE - AVAX,0.15,False,874.26,262207.0,1.441,0.2,1758114006
Manual (V2),JOE - AVAX,0.25,False,623.43,87172.0,1.573,0.66,1758114006
Manual (V2),LIMBO - AVAX,0.25,False,470.72,84210.0,1.209,0.52,1758114006
Manual (V2),ARENA - AVAX,0.25,False,413.09,0.0,1.089,,1758114006
Manual (V2),BLACK - USDC,0.1,False,388.82,0.53484,0.56738,38721.03,1758114006
Manual (V2),GHO - AVAX,0.8,False,246.38,4387.51,1.99,16.56,1758114006
Manual (V2),GAGA - USDC,0.4,False,230.46,84146.0,0.92401,0.4,1758114006
Manual (V2),YAK - USDt,0.8,False,161.74,3180.82,1.301,14.93,1758114006
Manual (V2),COQ - AVAX,0.8,False,131.45,81786.0,1.066,0.48,1758114006
Manual (V2),rsAVAX - AVAX,0.1,False,120.23,4727.38,0.12098,0.93,1758114006
Manual (V2),sUSDe - USDC,0.1,True,50.01,3973060.0,0.05008,14.95,1758114006
Manual (V2),JOE - USDC,0.25,False,40.92,1124.46,0.10524,3.42,1758114006
Manual (V2),weETH - WETH.e,0.04,False,39.59,3846982.0,0.01576,,1758114006
Manual (V2),MIM - USDt,0.03,False,36.85,14.18,0.02581,66.44,1758114006
Manual (V2),XAVA - AVAX,0.4,False,28.35,829.83,0.1145,5.04,1758114006
Manual (V2),AMI - AVAX,0.8,False,12.74,3195.42,0.13725,1.57,1758114006
Manual (V2),WETH.e - BTC.b,0.05,False,11.22,219.45,0.01782,2.96,1758114006
Basic (V1),AVAX - USDC,0.05,True,237655723.0,21490036.0,121985.0,212.83,1758114006
Basic (V1),WETH.e - AVAX,0.05,False,43475932.0,8308571.0,22018.0,96.73,1758114006
Basic (V1),AVAX - BTC.b,0.05,True,11287331.0,6127970.0,5865.4,86.77,1758114006
Basic (V1),AUSD - USDt,0.01,True,7472706.0,1941103.0,753.04,31.04,1758114006
Basic (V1),AUSD - USDC,0.01,True,7153026.0,1635850.0,717.34,36.06,1758114006
Basic (V1),USDt - USDC,0.005,True,4747594.0,9655339.0,332.62,9.77,1758114006
Basic (V1),sAVAX - AVAX,0.01,True,1282287.0,16387157.0,128.85,1.38,1758114006
Basic (V1),BTC.b - USDC,0.05,False,1170895.0,1422012.0,593.12,15.22,1758114006
Basic (V1),USDt - USDC,0.01,False,1168688.0,186925.0,97.58,19.05,1758114006
Basic (V1),WBTC - BTC.b,0.03,True,1067239.0,1290991.0,320.9,17.54,1758114006
Basic (V1),AUSD - AVAX,0.1,True,965544.0,454749.0,978.07,276.67,1758114006
Basic (V1),EURC - USDC,0.03,True,660526.0,1560014.0,204.35,32.96,1758114006
Basic (V1),YBTC.B - WBTC,0.01,False,556448.0,569619.0,56.19,3.6,1758114006
Basic (V1),SOL - AVAX,0.1,False,514312.0,1473438.0,519.49,12.87,1758114006
Basic (V1),deUSD - USDC,0.01,True,412010.0,265528.0,67.29,17.51,1758114006
Basic (V1),EURC - AVAX,0.1,False,382253.0,1581741.0,389.88,9,1758114006
Basic (V1),GUN - AVAX,0.25,False,330540.0,656779.0,844.06,46.91,1758114006
Basic (V1),SolvBTC - BTC.b,0.04,True,274522.0,3960858.0,93.85,12.44,1758114006
Basic (V1),GUN - AVAX,0.1,False,221937.0,83107.0,234.19,102.86,1758114006
Basic (V1),ggAVAX - AVAX,0.04,True,203160.0,9888352.0,20.32,1.73,1758114006
Basic (V1),savUSD - avUSD,0.02,True,129392.0,4399779.0,25.91,7.67,1758114006
Basic (V1),WBTC.e - BTC.b,0.03,False,122077.0,488375.0,36.72,2.74,1758114006
Basic (V1),deUSD - AUSD,0.01,True,113312.0,42686.0,13.31,63.6,1758114006
Basic (V1),ARENA - AVAX,0.4,False,112411.0,83821.0,498.32,217,1758114006
Basic (V1),XSGD - USDC,0.05,True,72519.0,49923.0,37.03,79.4,1758114006
Basic (V1),AVAX - USDC,0.2,False,60487.0,855371.0,121.78,5.2,1758114006
Basic (V1),USDT.e - USDt,0.02,False,34346.0,46116.0,6.889,5.45,1758114006
Basic (V1),AVAX - USDt,0.2,False,30293.0,325528.0,61.12,6.85,1758114006
Basic (V1),EUROP - USDC,0.1,False,27122.0,1707210.0,27.17,0.58,1758114006
Basic (V1),WETH.e - AVAX,0.25,False,25812.0,3739307.0,64.77,0.63,1758114006
Basic (V1),BEAM - AVAX,0.25,True,18291.0,64882.0,45.83,618.22,1758114006
Basic (V1),USDC.e - USDC,0.02,False,14834.0,25256.0,1.487,2.15,1758114006
Basic (V1),USDT.e - USDC,0.02,False,14606.0,58366.0,2.958,1.85,1758114006
Basic (V1),AVAX - avUSD,0.25,True,11237.0,23439.0,28.3,623.76,1758114006
Basic (V1),DAI.e - USDC,0.02,False,10895.0,29461.0,3.36,4.16,1758114006
Basic (V1),XAVA - AVAX,0.8,False,10523.0,517857.0,84.61,5.96,1758114006
Basic (V1),SHRAP - AVAX,0.4,False,8519.16,30133.0,35.46,42.95,1758114006
Basic (V1),USDC - MXNB,0.04,False,7832.0,49304.0,9.127,6.76,1758114006
Basic (V1),GHO - USDC,0.1,False,4302.91,1350428.0,4.324,0.12,1758114006
Basic (V1),sAVAX - avUSD,0.25,False,3491.1,13061.0,8.818,24.64,1758114006
Basic (V1),YAK - AVAX,0.4,False,3262.97,98525.0,13.14,4.87,1758114006
Basic (V1),USDT.e - USDC,0.02,False,2308.8,977.44,0.24122,9.01,1758114006
Basic (V1),WETH.e - USDC,0.15,False,2303.59,12368.0,3.522,10.39,1758114006
Basic (V1),DAI.e - USDt,0.25,False,1633.89,23039.0,4.055,6.42,1758114006
Basic (V1),BTC.b - AVAX,0.1,False,1571.17,586480.0,1.688,0.11,1758114006
Basic (V1),AMI - AVAX,0.25,False,1333.5,2172.96,4.332,72.77,1758114006
Basic (V1),PRIME - AVAX,0.4,False,973.54,320698.0,4.408,0.5,1758114006
Basic (V1),USDC.e - USDC,0.02,False,909.59,5894.45,0.18234,1.13,1758114006
Basic (V1),ARENA - AVAX,2.5,False,886.7,5410.9,22.82,153.96,1758114006
Basic (V1),JOE - AVAX,0.15,False,874.26,262207.0,1.441,0.2,1758114006
Basic (V1),JOE - AVAX,0.25,False,623.43,87172.0,1.573,0.66,1758114006
Basic (V1),LIMBO - AVAX,0.25,False,470.72,84210.0,1.209,0.52,1758114006
Basic (V1),ARENA - AVAX,0.25,False,413.09,0.0,1.089,,1758114006
Basic (V1),BLACK - USDC,0.1,False,388.82,0.53484,0.56738,38721.03,1758114006
Basic (V1),GHO - AVAX,0.8,False,246.38,4387.51,1.99,16.56,1758114006
Basic (V1),GAGA - USDC,0.4,False,230.46,84146.0,0.92401,0.4,1758114006
Basic (V1),YAK - USDt,0.8,False,161.74,3180.82,1.301,14.93,1758114006
Basic (V1),COQ - AVAX,0.8,False,131.45,81786.0,1.066,0.48,1758114006
Basic (V1),rsAVAX - AVAX,0.1,False,120.23,4727.38,0.12098,0.93,1758114006
Basic (V1),sUSDe - USDC,0.1,True,50.01,3973060.0,0.05008,14.95,1758114006
Basic (V1),JOE - USDC,0.25,False,40.92,1124.46,0.10524,3.42,1758114006
Basic (V1),weETH - WETH.e,0.04,False,39.59,3846982.0,0.01576,,1758114006
Basic (V1),MIM - USDt,0.03,False,36.85,14.18,0.02581,66.44,1758114006
Basic (V1),XAVA - AVAX,0.4,False,28.35,829.83,0.1145,5.04,1758114006
Basic (V1),AMI - AVAX,0.8,False,12.74,3195.42,0.13725,1.57,1758114006
Basic (V1),WETH.e - BTC.b,0.05,False,11.22,219.45,0.01782,2.96,1758114006
Manual (V2),AVAX - USDC,0.05,True,240414179.0,21467994.0,123382.0,215.58,1758117023
Manual (V2),WETH.e - AVAX,0.05,False,42432782.0,8298626.0,21497.0,94.55,1758117023
Manual (V2),AVAX - BTC.b,0.05,True,11260330.0,6123037.0,5847.52,86.45,1758117023
Manual (V2),AUSD - USDt,0.01,True,7556357.0,1940908.0,761.37,31.11,1758117023
Manual (V2),AUSD - USDC,0.01,True,7042405.0,1735169.0,706.28,33.66,1758117023
Manual (V2),USDt - USDC,0.005,True,4759633.0,9664519.0,333.46,9.72,1758117023
Manual (V2),sAVAX - AVAX,0.01,True,1378148.0,16375514.0,138.52,1.38,1758117023
Manual (V2),USDt - USDC,0.01,False,1168407.0,187079.0,97.56,19.03,1758117023
Manual (V2),BTC.b - USDC,0.05,False,1160775.0,1421976.0,588.04,15.09,1758117023
Manual (V2),WBTC - BTC.b,0.03,True,1068315.0,1290684.0,321.22,17.5,1758117023
Manual (V2),AUSD - AVAX,0.1,True,887165.0,454524.0,898.72,276.37,1758117023
Manual (V2),EURC - USDC,0.03,True,608993.0,1561077.0,188.49,32.41,1758117023
Manual (V2),YBTC.B - WBTC,0.01,False,556224.0,569492.0,56.16,3.6,1758117023
Manual (V2),SOL - AVAX,0.1,False,541834.0,1473900.0,547.27,13.55,1758117023
Manual (V2),deUSD - USDC,0.01,True,412009.0,265528.0,67.29,17.46,1758117023
Manual (V2),EURC - AVAX,0.1,False,369280.0,1582285.0,376.79,8.69,1758117023
Manual (V2),GUN - AVAX,0.25,False,341944.0,656905.0,873.09,48.51,1758117023
Manual (V2),SolvBTC - BTC.b,0.04,True,274517.0,3960702.0,93.85,12.37,1758117023
Manual (V2),GUN - AVAX,0.1,False,219091.0,83194.0,231.25,101.46,1758117023
Manual (V2),ggAVAX - AVAX,0.04,True,208687.0,9880432.0,20.87,1.72,1758117023
Manual (V2),savUSD - avUSD,0.02,True,127048.0,4397520.0,25.44,7.63,1758117023
Manual (V2),WBTC.e - BTC.b,0.03,False,122075.0,487900.0,36.72,2.75,1758117023
Manual (V2),ARENA - AVAX,0.4,False,117952.0,83073.0,520.74,228.8,1758117023
Manual (V2),deUSD - AUSD,0.01,True,113312.0,42662.0,13.31,63.36,1758117023
Manual (V2),XSGD - USDC,0.05,True,72519.0,49923.0,37.03,79.12,1758117023
Manual (V2),AVAX - USDC,0.2,False,57317.0,854624.0,115.42,4.93,1758117023
Manual (V2),USDT.e - USDt,0.02,False,34219.0,46242.0,6.864,5.42,1758117023
Manual (V2),AVAX - USDt,0.2,False,29113.0,325397.0,58.75,6.59,1758117023
Manual (V2),EUROP - USDC,0.1,False,27122.0,1707210.0,27.17,0.58,1758117023
Manual (V2),WETH.e - AVAX,0.25,False,25129.0,3734676.0,63.05,0.62,1758117023
Manual (V2),BEAM - AVAX,0.25,True,19065.0,64859.0,47.77,612.69,1758117023
Manual (V2),USDC.e - USDC,0.02,False,14601.0,25290.0,1.463,2.11,1758117023
Manual (V2),USDT.e - USDC,0.02,False,14288.0,58392.0,2.894,1.81,1758117023
Manual (V2),AVAX - avUSD,0.25,True,11013.0,23415.0,27.74,620.44,1758117023
Manual (V2),DAI.e - USDC,0.02,False,10873.0,29454.0,3.355,4.16,1758117023
Manual (V2),XAVA - AVAX,0.8,False,10523.0,517086.0,84.61,5.97,1758117023
Manual (V2),SHRAP - AVAX,0.4,False,8519.16,30125.0,35.46,42.96,1758117023
Manual (V2),USDC - MXNB,0.04,False,7832.0,49304.0,9.127,6.76,1758117023
Manual (V2),GHO - USDC,0.1,False,4302.91,1350428.0,4.324,0.12,1758117023
Manual (V2),sAVAX - avUSD,0.25,False,3576.96,13049.0,9.033,25.27,1758117023
Manual (V2),YAK - AVAX,0.4,False,3252.53,98326.0,13.1,4.86,1758117023
Manual (V2),WETH.e - USDC,0.15,False,2303.77,12366.0,3.522,10.4,1758117023
Manual (V2),USDT.e - USDC,0.02,False,2186.49,979.35,0.22866,8.52,1758117023
Manual (V2),DAI.e - USDt,0.25,False,1604.76,23072.0,3.983,6.3,1758117023
Manual (V2),BTC.b - AVAX,0.1,False,1565.27,585752.0,1.681,0.1,1758117023
Manual (V2),AMI - AVAX,0.25,False,1291.34,2171.81,4.226,71.03,1758117023
Manual (V2),PRIME - AVAX,0.4,False,973.54,320687.0,4.408,0.5,1758117023
Manual (V2),USDC.e - USDC,0.02,False,919.25,5898.72,0.18427,1.14,1758117023
Manual (V2),ARENA - AVAX,2.5,False,887.17,5385.05,22.84,154.78,1758117023
Manual (V2),JOE - AVAX,0.15,False,874.26,262085.0,1.441,0.2,1758117023
Manual (V2),JOE - AVAX,0.25,False,629.18,87104.0,1.587,0.67,1758117023
Manual (V2),LIMBO - AVAX,0.25,False,470.72,84201.0,1.209,0.52,1758117023
Manual (V2),ARENA - AVAX,0.25,False,413.09,0.0,1.089,,1758117023
Manual (V2),BLACK - USDC,0.1,False,385.37,0.53484,0.56391,38483.82,1758117023
Manual (V2),GHO - AVAX,0.8,False,246.38,4383.04,1.99,16.58,1758117023
Manual (V2),GAGA - USDC,0.4,False,197.46,84146.0,0.79157,0.34,1758117023
Manual (V2),sUSDe - USDC,0.1,True,167.46,3973136.0,0.16764,14.87,1758117023
Manual (V2),YAK - USDt,0.8,False,161.74,3179.33,1.301,14.93,1758117023
Manual (V2),COQ - AVAX,0.8,False,137.67,82434.0,1.116,0.49,1758117023
Manual (V2),rsAVAX - AVAX,0.1,False,120.23,4722.95,0.12098,0.93,1758117023
Manual (V2),JOE - USDC,0.25,False,40.72,1124.25,0.10474,3.4,1758117023
Manual (V2),weETH - WETH.e,0.04,False,39.59,3844699.0,0.01576,,1758117023
Manual (V2),MIM - USDt,0.03,False,36.85,14.2,0.02581,66.32,1758117023
Manual (V2),XAVA - AVAX,0.4,False,28.35,828.29,0.1145,5.05,1758117023
Manual (V2),WETH.e - BTC.b,0.05,False,12.97,219.27,0.01898,3.16,1758117023
Manual (V2),AMI - AVAX,0.8,False,12.74,3193.72,0.13725,1.57,1758117023
Manual (V2),HUSKY - AVAX,0.8,False,10.77,19881.0,0.15206,0.28,1758117023
Basic (V1),AVAX - USDC,0.05,True,240414179.0,21467994.0,123382.0,215.58,1758117023
Basic (V1),WETH.e - AVAX,0.05,False,42432782.0,8298626.0,21497.0,94.55,1758117023
Basic (V1),AVAX - BTC.b,0.05,True,11260330.0,6123037.0,5847.52,86.45,1758117023
Basic (V1),AUSD - USDt,0.01,True,7556357.0,1940908.0,761.37,31.11,1758117023
Basic (V1),AUSD - USDC,0.01,True,7042405.0,1735169.0,706.28,33.66,1758117023
Basic (V1),USDt - USDC,0.005,True,4759633.0,9664519.0,333.46,9.72,1758117023
Basic (V1),sAVAX - AVAX,0.01,True,1378148.0,16375514.0,138.52,1.38,1758117023
Basic (V1),USDt - USDC,0.01,False,1168407.0,187079.0,97.56,19.03,1758117023
Basic (V1),BTC.b - USDC,0.05,False,1160775.0,1421976.0,588.04,15.09,1758117023
Basic (V1),WBTC - BTC.b,0.03,True,1068315.0,1290684.0,321.22,17.5,1758117023
Basic (V1),AUSD - AVAX,0.1,True,887165.0,454524.0,898.72,276.37,1758117023
Basic (V1),EURC - USDC,0.03,True,608993.0,1561077.0,188.49,32.41,1758117023
Basic (V1),YBTC.B - WBTC,0.01,False,556224.0,569492.0,56.16,3.6,1758117023
Basic (V1),SOL - AVAX,0.1,False,541834.0,1473900.0,547.27,13.55,1758117023
Basic (V1),deUSD - USDC,0.01,True,412009.0,265528.0,67.29,17.46,1758117023
Basic (V1),EURC - AVAX,0.1,False,369280.0,1582285.0,376.79,8.69,1758117023
Basic (V1),GUN - AVAX,0.25,False,341944.0,656905.0,873.09,48.51,1758117023
Basic (V1),SolvBTC - BTC.b,0.04,True,274517.0,3960702.0,93.85,12.37,1758117023
Basic (V1),GUN - AVAX,0.1,False,219091.0,83194.0,231.25,101.46,1758117023
Basic (V1),ggAVAX - AVAX,0.04,True,208687.0,9880432.0,20.87,1.72,1758117023
Basic (V1),savUSD - avUSD,0.02,True,127048.0,4397520.0,25.44,7.63,1758117023
Basic (V1),WBTC.e - BTC.b,0.03,False,122075.0,487900.0,36.72,2.75,1758117023
Basic (V1),ARENA - AVAX,0.4,False,117952.0,83073.0,520.74,228.8,1758117023
Basic (V1),deUSD - AUSD,0.01,True,113312.0,42662.0,13.31,63.36,1758117023
Basic (V1),XSGD - USDC,0.05,True,72519.0,49923.0,37.03,79.12,1758117023
Basic (V1),AVAX - USDC,0.2,False,57317.0,854624.0,115.42,4.93,1758117023
Basic (V1),USDT.e - USDt,0.02,False,34219.0,46242.0,6.864,5.42,1758117023
Basic (V1),AVAX - USDt,0.2,False,29113.0,325397.0,58.75,6.59,1758117023
Basic (V1),EUROP - USDC,0.1,False,27122.0,1707210.0,27.17,0.58,1758117023
Basic (V1),WETH.e - AVAX,0.25,False,25129.0,3734676.0,63.05,0.62,1758117023
Basic (V1),BEAM - AVAX,0.25,True,19065.0,64859.0,47.77,612.69,1758117023
Basic (V1),USDC.e - USDC,0.02,False,14601.0,25290.0,1.463,2.11,1758117023
Basic (V1),USDT.e - USDC,0.02,False,14288.0,58392.0,2.894,1.81,1758117023
Basic (V1),AVAX - avUSD,0.25,True,11013.0,23415.0,27.74,620.44,1758117023
Basic (V1),DAI.e - USDC,0.02,False,10873.0,29454.0,3.355,4.16,1758117023
Basic (V1),XAVA - AVAX,0.8,False,10523.0,517086.0,84.61,5.97,1758117023
Basic (V1),SHRAP - AVAX,0.4,False,8519.16,30125.0,35.46,42.96,1758117023
Basic (V1),USDC - MXNB,0.04,False,7832.0,49304.0,9.127,6.76,1758117023
Basic (V1),GHO - USDC,0.1,False,4302.91,1350428.0,4.324,0.12,1758117023
Basic (V1),sAVAX - avUSD,0.25,False,3576.96,13049.0,9.033,25.27,1758117023
Basic (V1),YAK - AVAX,0.4,False,3252.53,98326.0,13.1,4.86,1758117023
Basic (V1),WETH.e - USDC,0.15,False,2303.77,12366.0,3.522,10.4,1758117023
Basic (V1),USDT.e - USDC,0.02,False,2186.49,979.35,0.22866,8.52,1758117023
Basic (V1),DAI.e - USDt,0.25,False,1604.76,23072.0,3.983,6.3,1758117023
Basic (V1),BTC.b - AVAX,0.1,False,1565.27,585752.0,1.681,0.1,1758117023
Basic (V1),AMI - AVAX,0.25,False,1291.34,2171.81,4.226,71.03,1758117023
Basic (V1),PRIME - AVAX,0.4,False,973.54,320687.0,4.408,0.5,1758117023
Basic (V1),USDC.e - USDC,0.02,False,919.25,5898.72,0.18427,1.14,1758117023
Basic (V1),ARENA - AVAX,2.5,False,887.17,5385.05,22.84,154.78,1758117023
Basic (V1),JOE - AVAX,0.15,False,874.26,262085.0,1.441,0.2,1758117023
Basic (V1),JOE - AVAX,0.25,False,629.18,87104.0,1.587,0.67,1758117023
Basic (V1),LIMBO - AVAX,0.25,False,470.72,84201.0,1.209,0.52,1758117023
Basic (V1),ARENA - AVAX,0.25,False,413.09,0.0,1.089,,1758117023
Basic (V1),BLACK - USDC,0.1,False,385.37,0.53484,0.56391,38483.82,1758117023
Basic (V1),GHO - AVAX,0.8,False,246.38,4383.04,1.99,16.58,1758117023
Basic (V1),GAGA - USDC,0.4,False,197.46,84146.0,0.79157,0.34,1758117023
Basic (V1),sUSDe - USDC,0.1,True,167.46,3973136.0,0.16764,14.87,1758117023
Basic (V1),YAK - USDt,0.8,False,161.74,3179.33,1.301,14.93,1758117023
Basic (V1),COQ - AVAX,0.8,False,137.67,82434.0,1.116,0.49,1758117023
Basic (V1),rsAVAX - AVAX,0.1,False,120.23,4722.95,0.12098,0.93,1758117023
Basic (V1),JOE - USDC,0.25,False,40.72,1124.25,0.10474,3.4,1758117023
Basic (V1),weETH - WETH.e,0.04,False,39.59,3844699.0,0.01576,,1758117023
Basic (V1),MIM - USDt,0.03,False,36.85,14.2,0.02581,66.32,1758117023
Basic (V1),XAVA - AVAX,0.4,False,28.35,828.29,0.1145,5.05,1758117023
Basic (V1),WETH.e - BTC.b,0.05,False,12.97,219.27,0.01898,3.16,1758117023
Basic (V1),AMI - AVAX,0.8,False,12.74,3193.72,0.13725,1.57,1758117023
Basic (V1),HUSKY - AVAX,0.8,False,10.77,19881.0,0.15206,0.28,1758117023
Manual (V2),AVAX - USDC,0.05,True,240414179.0,21467994.0,123382.0,215.59,1758117117
Manual (V2),WETH.e - AVAX,0.05,False,42432782.0,8298626.0,21497.0,94.55,1758117117
Manual (V2),AVAX - BTC.b,0.05,True,11260330.0,6123037.0,5847.52,86.51,1758117117
Manual (V2),AUSD - USDt,0.01,True,7556357.0,1940908.0,761.37,31.13,1758117117
Manual (V2),AUSD - USDC,0.01,True,7042405.0,1735169.0,706.28,33.68,1758117117
Manual (V2),USDt - USDC,0.005,True,4759633.0,9664519.0,333.46,9.72,1758117117
Manual (V2),sAVAX - AVAX,0.01,True,1378148.0,16375514.0,138.52,1.38,1758117117
Manual (V2),USDt - USDC,0.01,False,1168407.0,187079.0,97.56,19.03,1758117117
Manual (V2),BTC.b - USDC,0.05,False,1160775.0,1421976.0,588.04,15.09,1758117117
Manual (V2),WBTC - BTC.b,0.03,True,1068315.0,1290684.0,321.22,17.51,1758117117
Manual (V2),AUSD - AVAX,0.1,True,887165.0,454524.0,898.72,276.6,1758117117
Manual (V2),EURC - USDC,0.03,True,608993.0,1561077.0,188.49,32.44,1758117117
Manual (V2),YBTC.B - WBTC,0.01,False,556224.0,569492.0,56.16,3.6,1758117117
Manual (V2),SOL - AVAX,0.1,False,541834.0,1473900.0,547.27,13.55,1758117117
Manual (V2),deUSD - USDC,0.01,True,412009.0,265528.0,67.29,17.47,1758117117
Manual (V2),EURC - AVAX,0.1,False,369280.0,1582285.0,376.79,8.69,1758117117
Manual (V2),GUN - AVAX,0.25,False,341944.0,656905.0,873.09,48.51,1758117117
Manual (V2),SolvBTC - BTC.b,0.04,True,274517.0,3960702.0,93.85,12.39,1758117117
Manual (V2),GUN - AVAX,0.1,False,219091.0,83194.0,231.25,101.46,1758117117
Manual (V2),ggAVAX - AVAX,0.04,True,208687.0,9880432.0,20.87,1.73,1758117117
Manual (V2),savUSD - avUSD,0.02,True,127048.0,4397520.0,25.44,7.64,1758117117
Manual (V2),WBTC.e - BTC.b,0.03,False,122075.0,487900.0,36.72,2.75,1758117117
Manual (V2),ARENA - AVAX,0.4,False,117952.0,83073.0,520.74,228.8,1758117117
Manual (V2),deUSD - AUSD,0.01,True,113312.0,42662.0,13.31,63.41,1758117117
Manual (V2),XSGD - USDC,0.05,True,72519.0,49923.0,37.03,79.18,1758117117
Manual (V2),AVAX - USDC,0.2,False,57317.0,854624.0,115.42,4.93,1758117117
Manual (V2),USDT.e - USDt,0.02,False,34219.0,46242.0,6.864,5.42,1758117117
Manual (V2),AVAX - USDt,0.2,False,29113.0,325397.0,58.75,6.59,1758117117
Manual (V2),EUROP - USDC,0.1,False,27122.0,1707210.0,27.17,0.58,1758117117
Manual (V2),WETH.e - AVAX,0.25,False,25129.0,3734676.0,63.05,0.62,1758117117
Manual (V2),BEAM - AVAX,0.25,True,19065.0,64859.0,47.77,613.33,1758117117
Manual (V2),USDC.e - USDC,0.02,False,14601.0,25290.0,1.463,2.11,1758117117
Manual (V2),USDT.e - USDC,0.02,False,14288.0,58392.0,2.894,1.81,1758117117
Manual (V2),AVAX - avUSD,0.25,True,11013.0,23415.0,27.74,621.08,1758117117
Manual (V2),DAI.e - USDC,0.02,False,10873.0,29454.0,3.355,4.16,1758117117
Manual (V2),XAVA - AVAX,0.8,False,10523.0,517086.0,84.61,5.97,1758117117
Manual (V2),SHRAP - AVAX,0.4,False,8519.16,30125.0,35.46,42.96,1758117117
Manual (V2),USDC - MXNB,0.04,False,7832.0,49304.0,9.127,6.76,1758117117
Manual (V2),GHO - USDC,0.1,False,4302.91,1350428.0,4.324,0.12,1758117117
Manual (V2),sAVAX - avUSD,0.25,False,3576.96,13049.0,9.033,25.27,1758117117
Manual (V2),YAK - AVAX,0.4,False,3252.53,98326.0,13.1,4.86,1758117117
Manual (V2),WETH.e - USDC,0.15,False,2303.77,12366.0,3.522,10.4,1758117117
Manual (V2),USDT.e - USDC,0.02,False,2186.49,979.35,0.22866,8.52,1758117117
Manual (V2),DAI.e - USDt,0.25,False,1604.76,23072.0,3.983,6.3,1758117117
Manual (V2),BTC.b - AVAX,0.1,False,1565.27,585752.0,1.681,0.1,1758117117
Manual (V2),AMI - AVAX,0.25,False,1291.34,2171.81,4.226,71.03,1758117117
Manual (V2),PRIME - AVAX,0.4,False,973.54,320687.0,4.408,0.5,1758117117
Manual (V2),USDC.e - USDC,0.02,False,919.25,5898.72,0.18427,1.14,1758117117
Manual (V2),ARENA - AVAX,2.5,False,887.17,5385.05,22.84,154.78,1758117117
Manual (V2),JOE - AVAX,0.15,False,874.26,262085.0,1.441,0.2,1758117117
Manual (V2),JOE - AVAX,0.25,False,629.18,87104.0,1.587,0.67,1758117117
Manual (V2),LIMBO - AVAX,0.25,False,470.72,84201.0,1.209,0.52,1758117117
Manual (V2),ARENA - AVAX,0.25,False,413.09,0.0,1.089,,1758117117
Manual (V2),BLACK - USDC,0.1,False,385.37,0.53484,0.56391,38483.82,1758117117
Manual (V2),GHO - AVAX,0.8,False,246.38,4383.04,1.99,16.58,1758117117
Manual (V2),GAGA - USDC,0.4,False,197.46,84146.0,0.79157,0.34,1758117117
Manual (V2),sUSDe - USDC,0.1,True,167.46,3973136.0,0.16764,14.88,1758117117
Manual (V2),YAK - USDt,0.8,False,161.74,3179.33,1.301,14.93,1758117117
Manual (V2),COQ - AVAX,0.8,False,137.67,82434.0,1.116,0.49,1758117117
Manual (V2),rsAVAX - AVAX,0.1,False,120.23,4722.95,0.12098,0.93,1758117117
Manual (V2),JOE - USDC,0.25,False,40.72,1124.25,0.10474,3.4,1758117117
Manual (V2),weETH - WETH.e,0.04,False,39.59,3844699.0,0.01576,,1758117117
Manual (V2),MIM - USDt,0.03,False,36.85,14.2,0.02581,66.32,1758117117
Manual (V2),XAVA - AVAX,0.4,False,28.35,828.29,0.1145,5.05,1758117117
Manual (V2),WETH.e - BTC.b,0.05,False,12.97,219.27,0.01898,3.16,1758117117
Manual (V2),AMI - AVAX,0.8,False,12.74,3193.72,0.13725,1.57,1758117117
Manual (V2),HUSKY - AVAX,0.8,False,10.77,19881.0,0.15206,0.28,1758117117
Basic (V1),AVAX - USDC,0.05,True,240414179.0,21467994.0,123382.0,215.59,1758117117
Basic (V1),WETH.e - AVAX,0.05,False,42432782.0,8298626.0,21497.0,94.55,1758117117
Basic (V1),AVAX - BTC.b,0.05,True,11260330.0,6123037.0,5847.52,86.51,1758117117
Basic (V1),AUSD - USDt,0.01,True,7556357.0,1940908.0,761.37,31.13,1758117117
Basic (V1),AUSD - USDC,0.01,True,7042405.0,1735169.0,706.28,33.68,1758117117
Basic (V1),USDt - USDC,0.005,True,4759633.0,9664519.0,333.46,9.72,1758117117
Basic (V1),sAVAX - AVAX,0.01,True,1378148.0,16375514.0,138.52,1.38,1758117117
Basic (V1),USDt - USDC,0.01,False,1168407.0,187079.0,97.56,19.03,1758117117
Basic (V1),BTC.b - USDC,0.05,False,1160775.0,1421976.0,588.04,15.09,1758117117
Basic (V1),WBTC - BTC.b,0.03,True,1068315.0,1290684.0,321.22,17.51,1758117117
Basic (V1),AUSD - AVAX,0.1,True,887165.0,454524.0,898.72,276.6,1758117117
Basic (V1),EURC - USDC,0.03,True,608993.0,1561077.0,188.49,32.44,1758117117
Basic (V1),YBTC.B - WBTC,0.01,False,556224.0,569492.0,56.16,3.6,1758117117
Basic (V1),SOL - AVAX,0.1,False,541834.0,1473900.0,547.27,13.55,1758117117
Basic (V1),deUSD - USDC,0.01,True,412009.0,265528.0,67.29,17.47,1758117117
Basic (V1),EURC - AVAX,0.1,False,369280.0,1582285.0,376.79,8.69,1758117117
Basic (V1),GUN - AVAX,0.25,False,341944.0,656905.0,873.09,48.51,1758117117
Basic (V1),SolvBTC - BTC.b,0.04,True,274517.0,3960702.0,93.85,12.39,1758117117
Basic (V1),GUN - AVAX,0.1,False,219091.0,83194.0,231.25,101.46,1758117117
Basic (V1),ggAVAX - AVAX,0.04,True,208687.0,9880432.0,20.87,1.73,1758117117
Basic (V1),savUSD - avUSD,0.02,True,127048.0,4397520.0,25.44,7.64,1758117117
Basic (V1),WBTC.e - BTC.b,0.03,False,122075.0,487900.0,36.72,2.75,1758117117
Basic (V1),ARENA - AVAX,0.4,False,117952.0,83073.0,520.74,228.8,1758117117
Basic (V1),deUSD - AUSD,0.01,True,113312.0,42662.0,13.31,63.41,1758117117
Basic (V1),XSGD - USDC,0.05,True,72519.0,49923.0,37.03,79.18,1758117117
Basic (V1),AVAX - USDC,0.2,False,57317.0,854624.0,115.42,4.93,1758117117
Basic (V1),USDT.e - USDt,0.02,False,34219.0,46242.0,6.864,5.42,1758117117
Basic (V1),AVAX - USDt,0.2,False,29113.0,325397.0,58.75,6.59,1758117117
Basic (V1),EUROP - USDC,0.1,False,27122.0,1707210.0,27.17,0.58,1758117117
Basic (V1),WETH.e - AVAX,0.25,False,25129.0,3734676.0,63.05,0.62,1758117117
Basic (V1),BEAM - AVAX,0.25,True,19065.0,64859.0,47.77,613.33,1758117117
Basic (V1),USDC.e - USDC,0.02,False,14601.0,25290.0,1.463,2.11,1758117117
Basic (V1),USDT.e - USDC,0.02,False,14288.0,58392.0,2.894,1.81,1758117117
Basic (V1),AVAX - avUSD,0.25,True,11013.0,23415.0,27.74,621.08,1758117117
Basic (V1),DAI.e - USDC,0.02,False,10873.0,29454.0,3.355,4.16,1758117117
Basic (V1),XAVA - AVAX,0.8,False,10523.0,517086.0,84.61,5.97,1758117117
Basic (V1),SHRAP - AVAX,0.4,False,8519.16,30125.0,35.46,42.96,1758117117
Basic (V1),USDC - MXNB,0.04,False,7832.0,49304.0,9.127,6.76,1758117117
Basic (V1),GHO - USDC,0.1,False,4302.91,1350428.0,4.324,0.12,1758117117
Basic (V1),sAVAX - avUSD,0.25,False,3576.96,13049.0,9.033,25.27,1758117117
Basic (V1),YAK - AVAX,0.4,False,3252.53,98326.0,13.1,4.86,1758117117
Basic (V1),WETH.e - USDC,0.15,False,2303.77,12366.0,3.522,10.4,1758117117
Basic (V1),USDT.e - USDC,0.02,False,2186.49,979.35,0.22866,8.52,1758117117
Basic (V1),DAI.e - USDt,0.25,False,1604.76,23072.0,3.983,6.3,1758117117
Basic (V1),BTC.b - AVAX,0.1,False,1565.27,585752.0,1.681,0.1,1758117117
Basic (V1),AMI - AVAX,0.25,False,1291.34,2171.81,4.226,71.03,1758117117
Basic (V1),PRIME - AVAX,0.4,False,973.54,320687.0,4.408,0.5,1758117117
Basic (V1),USDC.e - USDC,0.02,False,919.25,5898.72,0.18427,1.14,1758117117
Basic (V1),ARENA - AVAX,2.5,False,887.17,5385.05,22.84,154.78,1758117117
Basic (V1),JOE - AVAX,0.15,False,874.26,262085.0,1.441,0.2,1758117117
Basic (V1),JOE - AVAX,0.25,False,629.18,87104.0,1.587,0.67,1758117117
Basic (V1),LIMBO - AVAX,0.25,False,470.72,84201.0,1.209,0.52,1758117117
Basic (V1),ARENA - AVAX,0.25,False,413.09,0.0,1.089,,1758117117
Basic (V1),BLACK - USDC,0.1,False,385.37,0.53484,0.56391,38483.82,1758117117
Basic (V1),GHO - AVAX,0.8,False,246.38,4383.04,1.99,16.58,1758117117
Basic (V1),GAGA - USDC,0.4,False,197.46,84146.0,0.79157,0.34,1758117117
Basic (V1),sUSDe - USDC,0.1,True,167.46,3973136.0,0.16764,14.88,1758117117
Basic (V1),YAK - USDt,0.8,False,161.74,3179.33,1.301,14.93,1758117117
Basic (V1),COQ - AVAX,0.8,False,137.67,82434.0,1.116,0.49,1758117117
Basic (V1),rsAVAX - AVAX,0.1,False,120.23,4722.95,0.12098,0.93,1758117117
Basic (V1),JOE - USDC,0.25,False,40.72,1124.25,0.10474,3.4,1758117117
Basic (V1),weETH - WETH.e,0.04,False,39.59,3844699.0,0.01576,,1758117117
Basic (V1),MIM - USDt,0.03,False,36.85,14.2,0.02581,66.32,1758117117
Basic (V1),XAVA - AVAX,0.4,False,28.35,828.29,0.1145,5.05,1758117117
Basic (V1),WETH.e - BTC.b,0.05,False,12.97,219.27,0.01898,3.16,1758117117
Basic (V1),AMI - AVAX,0.8,False,12.74,3193.72,0.13725,1.57,1758117117
Basic (V1),HUSKY - AVAX,0.8,False,10.77,19881.0,0.15206,0.28,1758117117
Manual (V2),AVAX - USDC,0.05,True,232884752.0,33531053.0,124811.0,139.01,1758179111
Manual (V2),WETH.e - AVAX,0.05,False,56067569.0,4789039.0,29662.0,226.07,1758179111
Manual (V2),AVAX - BTC.b,0.05,True,21042019.0,5803189.0,12511.0,350.21,1758179111
Manual (V2),USDt - USDC,0.005,True,17293679.0,9796140.0,1215.91,13.67,1758179111
Manual (V2),AUSD - USDt,0.01,True,5870200.0,1907896.0,587.93,29.97,1758179111
Manual (V2),AUSD - USDC,0.01,True,5596518.0,2540188.0,559.91,22.1,1758179111
Manual (V2),USDt - USDC,0.01,False,4361174.0,195096.0,385.37,72.1,1758179111
Manual (V2),BTC.b - USDC,0.05,False,2991464.0,1416179.0,1530.54,39.45,1758179111
Manual (V2),AUSD - AVAX,0.1,True,1972365.0,441175.0,2095.57,520.4,1758179111
Manual (V2),sAVAX - AVAX,0.01,True,1523770.0,17803487.0,152.55,1.4,1758179111
Manual (V2),deUSD - USDC,0.01,True,1072921.0,267203.0,108.65,23.78,1758179111
Manual (V2),SOL - AVAX,0.1,False,1031406.0,1563744.0,1058.45,24.71,1758179111
Manual (V2),EURC - USDC,0.03,True,911791.0,1501502.0,277.27,43.17,1758179111
Manual (V2),EURC - AVAX,0.1,False,699404.0,1631348.0,730.67,16.35,1758179111
Manual (V2),weETH - WETH.e,0.04,False,614684.0,4031681.0,252.02,2.28,1758179111
Manual (V2),YBTC.B - WBTC,0.01,False,553366.0,570098.0,55.77,3.57,1758179111
Manual (V2),GUN - AVAX,0.25,False,508014.0,669892.0,1301.44,70.91,1758179111
Manual (V2),savUSD - avUSD,0.02,True,336198.0,4381174.0,67.55,8.72,1758179111
Manual (V2),USDT.e - USDt,0.02,False,243487.0,46211.0,51.1,40.36,1758179111
Manual (V2),USDT.e - USDC,0.02,False,179858.0,58418.0,42.84,26.77,1758179111
Manual (V2),ARENA - AVAX,0.4,False,175951.0,46031.0,820.17,650.35,1758179111
Manual (V2),WBTC.e - BTC.b,0.03,False,156403.0,491777.0,47.02,3.49,1758179111
Manual (V2),AVAX - USDC,0.2,False,153082.0,906221.0,313.97,12.65,1758179111
Manual (V2),sUSDe - USDC,0.1,True,137691.0,3617664.0,137.81,19.66,1758179111
Manual (V2),GUN - AVAX,0.1,False,123453.0,80745.0,134.61,60.85,1758179111
Manual (V2),ggAVAX - AVAX,0.04,True,122031.0,10758349.0,12.2,1.7,1758179111
Manual (V2),SolvBTC - BTC.b,0.04,True,94838.0,4254899.0,36.44,12.05,1758179111
Manual (V2),WETH.e - AVAX,0.25,False,84338.0,3931499.0,212.38,1.97,1758179111
Manual (V2),AVAX - USDt,0.2,False,82888.0,346753.0,173.07,18.22,1758179111
Manual (V2),deUSD - AUSD,0.01,True,71471.0,52009.0,7.153,51.54,1758179111
Manual (V2),XSGD - USDC,0.05,True,67065.0,50846.0,33.87,84.25,1758179111
Manual (V2),USDC.e - USDC,0.02,False,66463.0,25325.0,8.706,12.55,1758179111
Manual (V2),DAI.e - USDC,0.02,False,65007.0,29545.0,17.03,21.04,1758179111
Manual (V2),WBTC - BTC.b,0.03,True,33628.0,1330683.0,10.19,9.23,1758179111
Manual (V2),SHRAP - AVAX,0.4,False,33026.0,31464.0,244.96,284.17,1758179111
Manual (V2),BEAM - AVAX,0.25,True,31934.0,68392.0,80.98,789.73,1758179111
Manual (V2),AVAX - avUSD,0.25,True,18245.0,22629.0,46.62,2676.42,1758179111
Manual (V2),DAI.e - USDt,0.25,False,11157.0,23146.0,27.91,44.01,1758179111
Manual (V2),XAVA - AVAX,0.8,False,10315.0,415720.0,83.84,7.36,1758179111
Manual (V2),USDC.e - USDC,0.02,False,7423.23,5902.08,1.796,11.11,1758179111
Manual (V2),USDT.e - USDC,0.02,False,5730.82,978.87,0.78152,29.14,1758179111
Manual (V2),WETH.e - USDC,0.15,False,3975.45,12394.0,6.239,18.37,1758179111
Manual (V2),sAVAX - avUSD,0.25,False,3461.15,13065.0,8.749,24.44,1758179111
Manual (V2),YAK - AVAX,0.4,False,2543.95,107307.0,10.22,3.48,1758179111
Manual (V2),Bonk - USDt,0.8,False,2301.55,151871.0,18.57,4.46,1758179111
Manual (V2),GHO - USDC,0.1,False,1806.89,1355515.0,1.811,0.05,1758179111
Manual (V2),PRIME - AVAX,0.4,False,1700.68,359059.0,7.542,0.77,1758179111
Manual (V2),BTC.b - AVAX,0.1,False,1561.11,636895.0,1.889,0.11,1758179111
Manual (V2),JOE - AVAX,0.25,False,1351.44,94321.0,3.513,1.36,1758179111
Manual (V2),USDC - MXNB,0.04,False,1337.68,49406.0,0.55894,0.41,1758179111
Manual (V2),ARENA - AVAX,2.5,False,1273.19,5783.12,32.57,205.59,1758179111
Manual (V2),AMI - AVAX,0.25,False,1118.1,2323.76,3.792,59.57,1758179111
Manual (V2),LIMBO - AVAX,0.25,False,1009.02,89986.0,2.588,1.05,1758179111
Manual (V2),GHO - AVAX,0.8,False,702.56,4693.45,5.709,44.4,1758179111
Manual (V2),JOE - AVAX,0.15,False,663.66,283181.0,1.036,0.13,1758179111
Manual (V2),HUSKY - AVAX,0.8,False,619.26,22909.0,5.286,8.42,1758179111
Manual (V2),YAK - USDt,0.8,False,488.75,3335.08,3.959,43.33,1758179111
Manual (V2),SUPA - AVAX,0.8,False,380.01,2291.94,4.763,75.86,1758179111
Manual (V2),YUSD - USDC,0.02,True,279.06,407039.0,0.05581,23.36,1758179111
Manual (V2),REDWOLF - USDC,0.8,False,252.31,899.96,2.519,102.17,1758179111
Manual (V2),SOL - AVAX,0.8,False,190.04,4043.37,1.545,13.95,1758179111
Manual (V2),GAGA - USDC,0.4,False,179.81,83807.0,0.72078,0.31,1758179111
Manual (V2),rsAVAX - AVAX,0.1,False,151.47,5072.5,0.15244,1.1,1758179111
Manual (V2),COQ - AVAX,0.8,False,108.14,87163.0,0.87363,0.37,1758179111
Manual (V2),XAVA - AVAX,0.4,False,105.27,852.25,0.43835,18.77,1758179111
Manual (V2),EMDX - AVAX,0.8,False,73.37,28696.0,0.70871,0.9,1758179111
Manual (V2),WETH.e - BTC.b,0.05,False,53.88,221.6,0.06729,11.08,1758179111
Manual (V2),JOE - USDC,0.25,False,39.06,583.9,0.10162,6.35,1758179111
Manual (V2),AVAX - USDC,0.8,False,29.02,272.27,0.24045,32.23,1758179111
Manual (V2),QI - AVAX,0.25,False,16.29,102264.0,0.04311,0.02,1758179111
Manual (V2),HATCHY - AVAX,0.25,False,15.11,0.00414,0.14684,1293784.39,1758179111
Manual (V2),MIM - USDt,0.03,False,13.62,14.19,0.00483,12.41,1758179111
Manual (V2),AMI - AVAX,0.8,False,12.74,3417.43,0.13725,1.47,1758179111
Manual (V2),FXS - AVAX,0.25,False,11.86,35.93,0.02968,30.14,1758179111
Basic (V1),AVAX - USDC,0.05,True,232884752.0,33531053.0,124811.0,139.01,1758179111
Basic (V1),WETH.e - AVAX,0.05,False,56067569.0,4789039.0,29662.0,226.07,1758179111
Basic (V1),AVAX - BTC.b,0.05,True,21042019.0,5803189.0,12511.0,350.21,1758179111
Basic (V1),USDt - USDC,0.005,True,17293679.0,9796140.0,1215.91,13.67,1758179111
Basic (V1),AUSD - USDt,0.01,True,5870200.0,1907896.0,587.93,29.97,1758179111
Basic (V1),AUSD - USDC,0.01,True,5596518.0,2540188.0,559.91,22.1,1758179111
Basic (V1),USDt - USDC,0.01,False,4361174.0,195096.0,385.37,72.1,1758179111
Basic (V1),BTC.b - USDC,0.05,False,2991464.0,1416179.0,1530.54,39.45,1758179111
Basic (V1),AUSD - AVAX,0.1,True,1972365.0,441175.0,2095.57,520.4,1758179111
Basic (V1),sAVAX - AVAX,0.01,True,1523770.0,17803487.0,152.55,1.4,1758179111
Basic (V1),deUSD - USDC,0.01,True,1072921.0,267203.0,108.65,23.78,1758179111
Basic (V1),SOL - AVAX,0.1,False,1031406.0,1563744.0,1058.45,24.71,1758179111
Basic (V1),EURC - USDC,0.03,True,911791.0,1501502.0,277.27,43.17,1758179111
Basic (V1),EURC - AVAX,0.1,False,699404.0,1631348.0,730.67,16.35,1758179111
Basic (V1),weETH - WETH.e,0.04,False,614684.0,4031681.0,252.02,2.28,1758179111
Basic (V1),YBTC.B - WBTC,0.01,False,553366.0,570098.0,55.77,3.57,1758179111
Basic (V1),GUN - AVAX,0.25,False,508014.0,669892.0,1301.44,70.91,1758179111
Basic (V1),savUSD - avUSD,0.02,True,336198.0,4381174.0,67.55,8.72,1758179111
Basic (V1),USDT.e - USDt,0.02,False,243487.0,46211.0,51.1,40.36,1758179111
Basic (V1),USDT.e - USDC,0.02,False,179858.0,58418.0,42.84,26.77,1758179111
Basic (V1),ARENA - AVAX,0.4,False,175951.0,46031.0,820.17,650.35,1758179111
Basic (V1),WBTC.e - BTC.b,0.03,False,156403.0,491777.0,47.02,3.49,1758179111
Basic (V1),AVAX - USDC,0.2,False,153082.0,906221.0,313.97,12.65,1758179111
Basic (V1),sUSDe - USDC,0.1,True,137691.0,3617664.0,137.81,19.66,1758179111
Basic (V1),GUN - AVAX,0.1,False,123453.0,80745.0,134.61,60.85,1758179111
Basic (V1),ggAVAX - AVAX,0.04,True,122031.0,10758349.0,12.2,1.7,1758179111
Basic (V1),SolvBTC - BTC.b,0.04,True,94838.0,4254899.0,36.44,12.05,1758179111
Basic (V1),WETH.e - AVAX,0.25,False,84338.0,3931499.0,212.38,1.97,1758179111
Basic (V1),AVAX - USDt,0.2,False,82888.0,346753.0,173.07,18.22,1758179111
Basic (V1),deUSD - AUSD,0.01,True,71471.0,52009.0,7.153,51.54,1758179111
Basic (V1),XSGD - USDC,0.05,True,67065.0,50846.0,33.87,84.25,1758179111
Basic (V1),USDC.e - USDC,0.02,False,66463.0,25325.0,8.706,12.55,1758179111
Basic (V1),DAI.e - USDC,0.02,False,65007.0,29545.0,17.03,21.04,1758179111
Basic (V1),WBTC - BTC.b,0.03,True,33628.0,1330683.0,10.19,9.23,1758179111
Basic (V1),SHRAP - AVAX,0.4,False,33026.0,31464.0,244.96,284.17,1758179111
Basic (V1),BEAM - AVAX,0.25,True,31934.0,68392.0,80.98,789.73,1758179111
Basic (V1),AVAX - avUSD,0.25,True,18245.0,22629.0,46.62,2676.42,1758179111
Basic (V1),DAI.e - USDt,0.25,False,11157.0,23146.0,27.91,44.01,1758179111
Basic (V1),XAVA - AVAX,0.8,False,10315.0,415720.0,83.84,7.36,1758179111
Basic (V1),USDC.e - USDC,0.02,False,7423.23,5902.08,1.796,11.11,1758179111
Basic (V1),USDT.e - USDC,0.02,False,5730.82,978.87,0.78152,29.14,1758179111
Basic (V1),WETH.e - USDC,0.15,False,3975.45,12394.0,6.239,18.37,1758179111
Basic (V1),sAVAX - avUSD,0.25,False,3461.15,13065.0,8.749,24.44,1758179111
Basic (V1),YAK - AVAX,0.4,False,2543.95,107307.0,10.22,3.48,1758179111
Basic (V1),Bonk - USDt,0.8,False,2301.55,151871.0,18.57,4.46,1758179111
Basic (V1),GHO - USDC,0.1,False,1806.89,1355515.0,1.811,0.05,1758179111
Basic (V1),PRIME - AVAX,0.4,False,1700.68,359059.0,7.542,0.77,1758179111
Basic (V1),BTC.b - AVAX,0.1,False,1561.11,636895.0,1.889,0.11,1758179111
Basic (V1),JOE - AVAX,0.25,False,1351.44,94321.0,3.513,1.36,1758179111
Basic (V1),USDC - MXNB,0.04,False,1337.68,49406.0,0.55894,0.41,1758179111
Basic (V1),ARENA - AVAX,2.5,False,1273.19,5783.12,32.57,205.59,1758179111
Basic (V1),AMI - AVAX,0.25,False,1118.1,2323.76,3.792,59.57,1758179111
Basic (V1),LIMBO - AVAX,0.25,False,1009.02,89986.0,2.588,1.05,1758179111
Basic (V1),GHO - AVAX,0.8,False,702.56,4693.45,5.709,44.4,1758179111
Basic (V1),JOE - AVAX,0.15,False,663.66,283181.0,1.036,0.13,1758179111
Basic (V1),HUSKY - AVAX,0.8,False,619.26,22909.0,5.286,8.42,1758179111
Basic (V1),YAK - USDt,0.8,False,488.75,3335.08,3.959,43.33,1758179111
Basic (V1),SUPA - AVAX,0.8,False,380.01,2291.94,4.763,75.86,1758179111
Basic (V1),YUSD - USDC,0.02,True,279.06,407039.0,0.05581,23.36,1758179111
Basic (V1),REDWOLF - USDC,0.8,False,252.31,899.96,2.519,102.17,1758179111
Basic (V1),SOL - AVAX,0.8,False,190.04,4043.37,1.545,13.95,1758179111
Basic (V1),GAGA - USDC,0.4,False,179.81,83807.0,0.72078,0.31,1758179111
Basic (V1),rsAVAX - AVAX,0.1,False,151.47,5072.5,0.15244,1.1,1758179111
Basic (V1),COQ - AVAX,0.8,False,108.14,87163.0,0.87363,0.37,1758179111
Basic (V1),XAVA - AVAX,0.4,False,105.27,852.25,0.43835,18.77,1758179111
Basic (V1),EMDX - AVAX,0.8,False,73.37,28696.0,0.70871,0.9,1758179111
Basic (V1),WETH.e - BTC.b,0.05,False,53.88,221.6,0.06729,11.08,1758179111
Basic (V1),JOE - USDC,0.25,False,39.06,583.9,0.10162,6.35,1758179111
Basic (V1),AVAX - USDC,0.8,False,29.02,272.27,0.24045,32.23,1758179111
Basic (V1),QI - AVAX,0.25,False,16.29,102264.0,0.04311,0.02,1758179111
Basic (V1),HATCHY - AVAX,0.25,False,15.11,0.00414,0.14684,1293784.39,1758179111
Basic (V1),MIM - USDt,0.03,False,13.62,14.19,0.00483,12.41,1758179111
Basic (V1),AMI - AVAX,0.8,False,12.74,3417.43,0.13725,1.47,1758179111
Basic (V1),FXS - AVAX,0.25,False,11.86,35.93,0.02968,30.14,1758179111
Manual (V2),AVAX - USDC,0.05,True,234394665.0,22783376.0,129026.0,471.44,1758601823
Manual (V2),WETH.e - AVAX,0.05,False,35847587.0,3563958.0,20395.0,208.88,1758601823
Manual (V2),AVAX - BTC.b,0.05,True,25519716.0,5668906.0,15033.0,4641.64,1758601823
Manual (V2),USDt - USDC,0.005,True,19056979.0,4461001.0,1342.65,32.26,1758601823
Manual (V2),AUSD - USDC,0.01,True,6065305.0,1945139.0,606.55,30.74,1758601823
Manual (V2),BTC.b - USDC,0.05,False,6029343.0,1402018.0,3232.32,84.15,1758601823
Manual (V2),AUSD - USDt,0.01,True,5794518.0,1702070.0,581.85,34.59,1758601823
Manual (V2),deUSD - USDC,0.01,True,2657225.0,430417.0,274.46,29.11,1758601823
Manual (V2),USDt - USDC,0.01,False,2250827.0,196540.0,201.54,37.43,1758601823
Manual (V2),WBTC - BTC.b,0.03,True,1552662.0,2067342.0,465.99,14.29,1758601823
Manual (V2),YBTC.B - WBTC,0.01,False,1372371.0,577645.0,138.87,8.78,1758601823
Manual (V2),SOL - AVAX,0.1,False,1318394.0,1438915.0,1423.04,36.1,1758601823
Manual (V2),AUSD - AVAX,0.1,True,1160979.0,266734.0,1248.42,1073.97,1758601823
Manual (V2),sAVAX - AVAX,0.01,True,1108747.0,19064612.0,112.24,1.28,1758601823
Manual (V2),EURC - USDC,0.03,True,1046379.0,1744162.0,313.31,33.88,1758601823
Manual (V2),EURC - AVAX,0.1,False,833755.0,1686153.0,898.19,19.44,1758601823
Manual (V2),SolvBTC - BTC.b,0.04,True,623277.0,7320170.0,259.87,8.48,1758601823
Manual (V2),weETH - WETH.e,0.04,False,534202.0,3842949.0,215.46,2.05,1758601823
Manual (V2),savUSD - avUSD,0.02,True,415095.0,4521708.0,83.23,9.0,1758601823
Manual (V2),sUSDe - USDC,0.1,True,368980.0,4516696.0,372.85,17.58,1758601823
Manual (V2),AVAX - USDC,0.2,False,368692.0,971935.0,759.19,28.51,1758601823
Manual (V2),GUN - AVAX,0.25,False,280841.0,642110.0,719.13,40.88,1758601823
Manual (V2),AVAX - USDt,0.2,False,267294.0,387431.0,577.24,54.38,1758601823
Manual (V2),WBTC.e - BTC.b,0.03,False,254086.0,472057.0,76.29,5.9,1758601823
Manual (V2),USDT.e - USDt,0.02,False,249611.0,46605.0,50.75,39.75,1758601823
Manual (V2),USDT.e - USDC,0.02,False,218112.0,58562.0,60.39,37.64,1758601823
Manual (V2),YUSD - USDC,0.02,True,180148.0,292215.0,40.77,39.37,1758601823
Manual (V2),WETH.e - AVAX,0.25,False,154314.0,3977049.0,391.58,3.59,1758601823
Manual (V2),LCPEDU - USDt,0.8,False,128926.0,28702774.0,2066.95,2.63,1758601823
Manual (V2),BLACK - AVAX,0.1,False,99100.0,6418.41,119.63,680.32,1758601823
Manual (V2),EUROP - USDC,0.1,False,91529.0,1709407.0,91.53,1.95,1758601823
Manual (V2),ggAVAX - AVAX,0.04,True,69460.0,11611220.0,6.946,1.64,1758601823
Manual (V2),GHO - USDC,0.1,False,54519.0,1357877.0,54.5,1.46,1758601823
Manual (V2),DAI.e - USDC,0.02,False,53921.0,29622.0,10.83,13.34,1758601823
Manual (V2),USDC.e - USDC,0.02,False,40190.0,5919.75,9.475,58.42,1758601823
Manual (V2),AVAX - avUSD,0.25,True,38884.0,30017.0,99.71,1914.63,1758601823
Manual (V2),GUN - AVAX,0.1,False,32550.0,73735.0,34.82,17.24,1758601823
Manual (V2),JOE - AVAX,0.15,False,29917.0,282767.0,47.02,6.07,1758601823
Manual (V2),JOE - USDC,0.25,False,27438.0,3291.68,69.0,765.14,1758601823
Manual (V2),BEAM - AVAX,0.25,True,23442.0,65223.0,59.66,4991.28,1758601823
Manual (V2),USDC.e - USDC,0.02,False,23313.0,25372.0,3.786,5.45,1758601823
Manual (V2),XSGD - USDC,0.05,True,19077.0,45048.0,9.6,75.67,1758601823
Manual (V2),ARENA - AVAX,0.4,False,18398.0,41623.0,74.72,65.52,1758601823
Manual (V2),USDT.e - USDC,0.02,False,13303.0,985.46,1.686,62.44,1758601823
Manual (V2),USDC - MXNB,0.04,False,8445.09,49315.0,3.29,2.44,1758601823
Manual (V2),SHRAP - AVAX,0.4,False,8292.09,32457.0,33.69,37.88,1758601823
Manual (V2),WETH.e - USDC,0.15,False,6847.98,13200.0,12.24,33.84,1758601823
Manual (V2),QI - AVAX,0.25,False,5721.36,111818.0,14.56,4.75,1758601823
Manual (V2),deUSD - AUSD,0.01,True,5103.57,45953.0,0.50898,55.82,1758601823
Manual (V2),BTC.b - AVAX,0.1,False,3399.09,689408.0,4.303,0.23,1758601823
Manual (V2),SOL - AVAX,0.8,False,2309.79,4247.63,19.57,168.17,1758601823
Manual (V2),LIMBO - AVAX,0.25,False,2307.06,78939.0,6.52,3.01,1758601823
Manual (V2),PRIME - AVAX,0.4,False,1740.2,384158.0,7.078,0.67,1758601823
Manual (V2),rBTC.b - BTC.b,0.1,False,1573.95,26554.0,1.576,2.17,1758601823
Manual (V2),GHO - AVAX,0.8,False,1535.66,4992.78,12.63,92.3,1758601823
Manual (V2),XSGD - AVAX,0.25,False,972.23,40104.0,2.451,2.23,1758601823
Manual (V2),YAK - USDt,0.8,False,945.44,3479.27,7.633,80.07,1758601823
Manual (V2),AMI - AVAX,0.25,False,840.68,8769.19,2.217,9.23,1758601823
Manual (V2),avUSD - USDC,0.05,True,783.41,957380.0,0.39133,26.17,1758601823
Manual (V2),aUSD - USDC,0.01,False,729.34,3800.99,0.07411,0.71,1758601823
Manual (V2),HUSKY - AVAX,0.8,False,371.27,21305.0,2.979,5.1,1758601823
Manual (V2),ORNG - AVAX,0.4,False,283.64,873.14,1.436,60.03,1758601823
Manual (V2),DAI.e - AVAX,0.25,False,195.91,101.85,0.49003,175.61,1758601823
Manual (V2),DAI.e - USDt,0.25,False,182.76,23353.0,0.45551,0.71,1758601823
Manual (V2),COQ - AVAX,0.8,False,148.45,95004.0,1.196,0.46,1758601823
Manual (V2),cockapoo - AVAX,0.25,False,111.75,207228.0,0.30507,0.05,1758601823
Manual (V2),cockapoo - USDC,0.1,False,111.7,3700.86,0.25247,2.49,1758601823
Manual (V2),MIM - USDt,0.03,False,94.37,14.38,0.03592,91.18,1758601823
Manual (V2),REDWOLF - USDC,0.8,False,72.28,909.05,0.57591,23.12,1758601823
Manual (V2),AVAX - USDC,0.8,False,62.75,280.21,0.51163,66.64,1758601823
Manual (V2),SUPA - AVAX,0.8,False,54.08,2334.97,0.43636,6.82,1758601823
Manual (V2),JOE - AVAX,0.25,False,49.39,95099.0,0.12697,0.05,1758601823
Manual (V2),AMI - AVAX,0.1,False,39.22,0.0,0.04052,,1758601823
Manual (V2),LIL - AVAX,0.1,False,37.79,603.05,0.03798,2.3,1758601823
Manual (V2),XAVA - AVAX,0.4,False,33.06,848.89,0.14722,6.33,1758601823
Manual (V2),sAVAX - avUSD,0.25,False,32.93,13072.0,0.0918,0.26,1758601823
Manual (V2),rsAVAX - AVAX,0.1,False,31.86,5424.04,0.03194,0.21,1758601823
Manual (V2),DGND - AVAX,0.4,False,28.68,9158.76,0.11499,0.46,1758601823
Manual (V2),FXS - FRAX,0.25,False,22.1,2678.73,0.05816,0.79,1758601823
Manual (V2),GAGA - USDC,0.4,False,16.6,83588.0,0.06659,0.03,1758601823
Manual (V2),aAvaWAVAX - AVAX,0.8,False,10.46,15055.0,0.08412,0.2,1758601823
Basic (V1),AVAX - USDC,0.05,True,234394665.0,22783376.0,129026.0,471.44,1758601823
Basic (V1),WETH.e - AVAX,0.05,False,35847587.0,3563958.0,20395.0,208.88,1758601823
Basic (V1),AVAX - BTC.b,0.05,True,25519716.0,5668906.0,15033.0,4641.64,1758601823
Basic (V1),USDt - USDC,0.005,True,19056979.0,4461001.0,1342.65,32.26,1758601823
Basic (V1),AUSD - USDC,0.01,True,6065305.0,1945139.0,606.55,30.74,1758601823
Basic (V1),BTC.b - USDC,0.05,False,6029343.0,1402018.0,3232.32,84.15,1758601823
Basic (V1),AUSD - USDt,0.01,True,5794518.0,1702070.0,581.85,34.59,1758601823
Basic (V1),deUSD - USDC,0.01,True,2657225.0,430417.0,274.46,29.11,1758601823
Basic (V1),USDt - USDC,0.01,False,2250827.0,196540.0,201.54,37.43,1758601823
Basic (V1),WBTC - BTC.b,0.03,True,1552662.0,2067342.0,465.99,14.29,1758601823
Basic (V1),YBTC.B - WBTC,0.01,False,1372371.0,577645.0,138.87,8.78,1758601823
Basic (V1),SOL - AVAX,0.1,False,1318394.0,1438915.0,1423.04,36.1,1758601823
Basic (V1),AUSD - AVAX,0.1,True,1160979.0,266734.0,1248.42,1073.97,1758601823
Basic (V1),sAVAX - AVAX,0.01,True,1108747.0,19064612.0,112.24,1.28,1758601823
Basic (V1),EURC - USDC,0.03,True,1046379.0,1744162.0,313.31,33.88,1758601823
Basic (V1),EURC - AVAX,0.1,False,833755.0,1686153.0,898.19,19.44,1758601823
Basic (V1),SolvBTC - BTC.b,0.04,True,623277.0,7320170.0,259.87,8.48,1758601823
Basic (V1),weETH - WETH.e,0.04,False,534202.0,3842949.0,215.46,2.05,1758601823
Basic (V1),savUSD - avUSD,0.02,True,415095.0,4521708.0,83.23,9.0,1758601823
Basic (V1),sUSDe - USDC,0.1,True,368980.0,4516696.0,372.85,17.58,1758601823
Basic (V1),AVAX - USDC,0.2,False,368692.0,971935.0,759.19,28.51,1758601823
Basic (V1),GUN - AVAX,0.25,False,280841.0,642110.0,719.13,40.88,1758601823
Basic (V1),AVAX - USDt,0.2,False,267294.0,387431.0,577.24,54.38,1758601823
Basic (V1),WBTC.e - BTC.b,0.03,False,254086.0,472057.0,76.29,5.9,1758601823
Basic (V1),USDT.e - USDt,0.02,False,249611.0,46605.0,50.75,39.75,1758601823
Basic (V1),USDT.e - USDC,0.02,False,218112.0,58562.0,60.39,37.64,1758601823
Basic (V1),YUSD - USDC,0.02,True,180148.0,292215.0,40.77,39.37,1758601823
Basic (V1),WETH.e - AVAX,0.25,False,154314.0,3977049.0,391.58,3.59,1758601823
Basic (V1),LCPEDU - USDt,0.8,False,128926.0,28702774.0,2066.95,2.63,1758601823
Basic (V1),BLACK - AVAX,0.1,False,99100.0,6418.41,119.63,680.32,1758601823
Basic (V1),EUROP - USDC,0.1,False,91529.0,1709407.0,91.53,1.95,1758601823
Basic (V1),ggAVAX - AVAX,0.04,True,69460.0,11611220.0,6.946,1.64,1758601823
Basic (V1),GHO - USDC,0.1,False,54519.0,1357877.0,54.5,1.46,1758601823
Basic (V1),DAI.e - USDC,0.02,False,53921.0,29622.0,10.83,13.34,1758601823
Basic (V1),USDC.e - USDC,0.02,False,40190.0,5919.75,9.475,58.42,1758601823
Basic (V1),AVAX - avUSD,0.25,True,38884.0,30017.0,99.71,1914.63,1758601823
Basic (V1),GUN - AVAX,0.1,False,32550.0,73735.0,34.82,17.24,1758601823
Basic (V1),JOE - AVAX,0.15,False,29917.0,282767.0,47.02,6.07,1758601823
Basic (V1),JOE - USDC,0.25,False,27438.0,3291.68,69.0,765.14,1758601823
Basic (V1),BEAM - AVAX,0.25,True,23442.0,65223.0,59.66,4991.28,1758601823
Basic (V1),USDC.e - USDC,0.02,False,23313.0,25372.0,3.786,5.45,1758601823
Basic (V1),XSGD - USDC,0.05,True,19077.0,45048.0,9.6,75.67,1758601823
Basic (V1),ARENA - AVAX,0.4,False,18398.0,41623.0,74.72,65.52,1758601823
Basic (V1),USDT.e - USDC,0.02,False,13303.0,985.46,1.686,62.44,1758601823
Basic (V1),USDC - MXNB,0.04,False,8445.09,49315.0,3.29,2.44,1758601823
Basic (V1),SHRAP - AVAX,0.4,False,8292.09,32457.0,33.69,37.88,1758601823
Basic (V1),WETH.e - USDC,0.15,False,6847.98,13200.0,12.24,33.84,1758601823
Basic (V1),QI - AVAX,0.25,False,5721.36,111818.0,14.56,4.75,1758601823
Basic (V1),deUSD - AUSD,0.01,True,5103.57,45953.0,0.50898,55.82,1758601823
Basic (V1),BTC.b - AVAX,0.1,False,3399.09,689408.0,4.303,0.23,1758601823
Basic (V1),SOL - AVAX,0.8,False,2309.79,4247.63,19.57,168.17,1758601823
Basic (V1),LIMBO - AVAX,0.25,False,2307.06,78939.0,6.52,3.01,1758601823
Basic (V1),PRIME - AVAX,0.4,False,1740.2,384158.0,7.078,0.67,1758601823
Basic (V1),rBTC.b - BTC.b,0.1,False,1573.95,26554.0,1.576,2.17,1758601823
Basic (V1),GHO - AVAX,0.8,False,1535.66,4992.78,12.63,92.3,1758601823
Basic (V1),XSGD - AVAX,0.25,False,972.23,40104.0,2.451,2.23,1758601823
Basic (V1),YAK - USDt,0.8,False,945.44,3479.27,7.633,80.07,1758601823
Basic (V1),AMI - AVAX,0.25,False,840.68,8769.19,2.217,9.23,1758601823
Basic (V1),avUSD - USDC,0.05,True,783.41,957380.0,0.39133,26.17,1758601823
Basic (V1),aUSD - USDC,0.01,False,729.34,3800.99,0.07411,0.71,1758601823
Basic (V1),HUSKY - AVAX,0.8,False,371.27,21305.0,2.979,5.1,1758601823
Basic (V1),ORNG - AVAX,0.4,False,283.64,873.14,1.436,60.03,1758601823
Basic (V1),DAI.e - AVAX,0.25,False,195.91,101.85,0.49003,175.61,1758601823
Basic (V1),DAI.e - USDt,0.25,False,182.76,23353.0,0.45551,0.71,1758601823
Basic (V1),COQ - AVAX,0.8,False,148.45,95004.0,1.196,0.46,1758601823
Basic (V1),cockapoo - AVAX,0.25,False,111.75,207228.0,0.30507,0.05,1758601823
Basic (V1),cockapoo - USDC,0.1,False,111.7,3700.86,0.25247,2.49,1758601823
Basic (V1),MIM - USDt,0.03,False,94.37,14.38,0.03592,91.18,1758601823
Basic (V1),REDWOLF - USDC,0.8,False,72.28,909.05,0.57591,23.12,1758601823
Basic (V1),AVAX - USDC,0.8,False,62.75,280.21,0.51163,66.64,1758601823
Basic (V1),SUPA - AVAX,0.8,False,54.08,2334.97,0.43636,6.82,1758601823
Basic (V1),JOE - AVAX,0.25,False,49.39,95099.0,0.12697,0.05,1758601823
Basic (V1),AMI - AVAX,0.1,False,39.22,0.0,0.04052,,1758601823
Basic (V1),LIL - AVAX,0.1,False,37.79,603.05,0.03798,2.3,1758601823
Basic (V1),XAVA - AVAX,0.4,False,33.06,848.89,0.14722,6.33,1758601823
Basic (V1),sAVAX - avUSD,0.25,False,32.93,13072.0,0.0918,0.26,1758601823
Basic (V1),rsAVAX - AVAX,0.1,False,31.86,5424.04,0.03194,0.21,1758601823
Basic (V1),DGND - AVAX,0.4,False,28.68,9158.76,0.11499,0.46,1758601823
Basic (V1),FXS - FRAX,0.25,False,22.1,2678.73,0.05816,0.79,1758601823
Basic (V1),GAGA - USDC,0.4,False,16.6,83588.0,0.06659,0.03,1758601823
Basic (V1),aAvaWAVAX - AVAX,0.8,False,10.46,15055.0,0.08412,0.2,1758601823
Manual (V2),AVAX - USDC,0.05,True,275885267.0,22791904.0,150614.0,244.28,1758605452
Manual (V2),WETH.e - AVAX,0.05,False,35583486.0,3534112.0,20275.0,209.4,1758605452
Manual (V2),AVAX - BTC.b,0.05,True,25671691.0,5650664.0,15157.0,994.58,1758605452
Manual (V2),USDt - USDC,0.005,True,19454318.0,4896593.0,1371.64,29.64,1758605452
Manual (V2),AUSD - USDC,0.01,True,5945532.0,1847110.0,594.58,32.18,1758605452
Manual (V2),AUSD - USDt,0.01,True,5672787.0,1703625.0,569.67,34.35,1758605452
Manual (V2),BTC.b - USDC,0.05,False,4912997.0,1402558.0,2645.42,68.84,1758605452
Manual (V2),deUSD - USDC,0.01,True,2600389.0,419234.0,268.49,29.38,1758605452
Manual (V2),USDt - USDC,0.01,False,2350543.0,196572.0,209.71,38.94,1758605452
Manual (V2),SOL - AVAX,0.1,False,1297100.0,1409257.0,1401.62,36.3,1758605452
Manual (V2),WBTC - BTC.b,0.03,True,1282145.0,2055558.0,383.52,12.92,1758605452
Manual (V2),AUSD - AVAX,0.1,True,1252380.0,260356.0,1349.52,810.0,1758605452
Manual (V2),EURC - USDC,0.03,True,1176710.0,1406154.0,357.3,55.96,1758605452
Manual (V2),YBTC.B - WBTC,0.01,False,1131180.0,561775.0,114.73,7.45,1758605452
Manual (V2),sAVAX - AVAX,0.01,True,970300.0,18700474.0,98.41,1.27,1758605452
Manual (V2),EURC - AVAX,0.1,False,920154.0,1670445.0,997.13,21.79,1758605452
Manual (V2),SolvBTC - BTC.b,0.04,True,645738.0,6874360.0,270.57,9.11,1758605452
Manual (V2),weETH - WETH.e,0.04,False,591089.0,3901446.0,235.44,2.2,1758605452
Manual (V2),AVAX - USDC,0.2,False,425341.0,955439.0,876.45,33.48,1758605452
Manual (V2),sUSDe - USDC,0.1,True,368980.0,4716804.0,372.85,16.77,1758605452
Manual (V2),GUN - AVAX,0.25,False,314149.0,626925.0,803.43,46.78,1758605452
Manual (V2),AVAX - USDt,0.2,False,285576.0,380538.0,615.24,59.01,1758605452
Manual (V2),USDT.e - USDt,0.02,False,261872.0,46602.0,53.23,41.69,1758605452
Manual (V2),WBTC.e - BTC.b,0.03,False,254201.0,473084.0,76.32,5.89,1758605452
Manual (V2),USDT.e - USDC,0.02,False,226683.0,58563.0,62.16,38.74,1758605452
Manual (V2),YUSD - USDC,0.02,True,180148.0,292215.0,40.77,39.45,1758605452
Manual (V2),WETH.e - AVAX,0.25,False,168685.0,3911437.0,428.03,3.99,1758605452
Manual (V2),savUSD - avUSD,0.02,True,166316.0,4623796.0,33.36,8.43,1758605452
Manual (V2),EUROP - USDC,0.1,False,130022.0,1710521.0,130.16,2.78,1758605452
Manual (V2),LCPEDU - USDt,0.8,False,128926.0,28702774.0,2066.95,2.63,1758605452
Manual (V2),BLACK - AVAX,0.1,False,101990.0,6309.8,124.04,717.52,1758605452
Manual (V2),ggAVAX - AVAX,0.04,True,71846.0,11358606.0,7.185,1.68,1758605452
Manual (V2),GHO - USDC,0.1,False,54694.0,1348378.0,54.67,1.48,1758605452
Manual (V2),DAI.e - USDC,0.02,False,52652.0,29614.0,10.57,13.03,1758605452
Manual (V2),AVAX - avUSD,0.25,True,40314.0,30172.0,103.36,1221.32,1758605452
Manual (V2),USDC.e - USDC,0.02,False,40226.0,5911.33,9.484,58.56,1758605452
Manual (V2),JOE - AVAX,0.15,False,32383.0,286551.0,51.03,6.5,1758605452
Manual (V2),GUN - AVAX,0.1,False,32116.0,72056.0,34.38,17.42,1758605452
Manual (V2),JOE - USDC,0.25,False,27441.0,3298.34,69.01,763.69,1758605452
Manual (V2),USDC.e - USDC,0.02,False,26675.0,25314.0,4.126,5.95,1758605452
Manual (V2),BEAM - AVAX,0.25,True,23319.0,63761.0,59.35,4590.36,1758605452
Manual (V2),ARENA - AVAX,0.4,False,21625.0,42055.0,88.26,76.61,1758605452
Manual (V2),XSGD - USDC,0.05,True,19112.0,44698.0,9.618,76.49,1758605452
Manual (V2),USDT.e - USDC,0.02,False,13773.0,985.73,1.743,64.53,1758605452
Manual (V2),USDC - MXNB,0.04,False,8352.12,49315.0,3.256,2.41,1758605452
Manual (V2),SHRAP - AVAX,0.4,False,7513.88,29349.0,30.51,37.95,1758605452
Manual (V2),WETH.e - USDC,0.15,False,6719.09,13183.0,12.04,33.35,1758605452
Manual (V2),QI - AVAX,0.25,False,6075.54,110696.0,15.46,5.1,1758605452
Manual (V2),deUSD - AUSD,0.01,True,5103.57,45966.0,0.50898,55.91,1758605452
Manual (V2),BTC.b - AVAX,0.1,False,3904.95,672136.0,4.914,0.27,1758605452
Manual (V2),SOL - AVAX,0.8,False,2313.82,4134.11,19.6,173.08,1758605452
Manual (V2),LIMBO - AVAX,0.25,False,2307.06,78832.0,6.52,3.02,1758605452
Manual (V2),PRIME - AVAX,0.4,False,1774.28,407954.0,7.217,0.65,1758605452
Manual (V2),GHO - AVAX,0.8,False,1763.52,4892.72,14.49,108.08,1758605452
Manual (V2),XSGD - AVAX,0.25,False,1649.6,39098.0,4.156,3.88,1758605452
Manual (V2),rBTC.b - BTC.b,0.1,False,1573.95,26563.0,1.576,2.17,1758605452
Manual (V2),avUSD - USDC,0.05,True,1072.86,1034753.0,0.53598,24.28,1758605452
Manual (V2),YAK - USDt,0.8,False,1050.7,3447.9,8.492,89.9,1758605452
Manual (V2),AMI - AVAX,0.25,False,889.46,8394.97,2.343,10.19,1758605452
Manual (V2),aUSD - USDC,0.01,False,729.34,3800.99,0.07411,0.71,1758605452
Manual (V2),HUSKY - AVAX,0.8,False,371.27,22008.0,2.979,4.94,1758605452
Manual (V2),ORNG - AVAX,0.4,False,296.68,837.61,1.49,64.92,1758605452
Manual (V2),DAI.e - AVAX,0.25,False,195.73,101.49,0.48958,176.08,1758605452
Manual (V2),DAI.e - USDt,0.25,False,182.76,23343.0,0.45551,0.71,1758605452
Manual (V2),JOE - AVAX,0.25,False,179.68,94752.0,0.45991,0.18,1758605452
Manual (V2),COQ - AVAX,0.8,False,148.45,93374.0,1.196,0.47,1758605452
Manual (V2),cockapoo - AVAX,0.25,False,124.53,202871.0,0.33723,0.06,1758605452
Manual (V2),cockapoo - USDC,0.1,False,124.52,3625.33,0.2666,2.68,1758605452
Manual (V2),MIM - USDt,0.03,False,106.02,14.37,0.03977,101.01,1758605452
Manual (V2),REDWOLF - USDC,0.8,False,76.41,885.56,0.60908,25.1,1758605452
Manual (V2),AVAX - USDC,0.8,False,66.55,278.19,0.54219,71.14,1758605452
Manual (V2),SUPA - AVAX,0.8,False,54.08,2313.01,0.43636,6.89,1758605452
Manual (V2),AMI - AVAX,0.1,False,39.22,0.0,0.04052,,1758605452
Manual (V2),LIL - AVAX,0.1,False,37.79,602.05,0.03798,2.3,1758605452
Manual (V2),XAVA - AVAX,0.4,False,33.06,839.33,0.14722,6.4,1758605452
Manual (V2),sAVAX - avUSD,0.25,False,32.93,13154.0,0.0918,0.25,1758605452
Manual (V2),ARENA - AVAX,2.5,False,30.02,5688.66,0.75575,4.85,1758605452
Manual (V2),DGND - AVAX,0.4,False,28.68,9017.34,0.11499,0.47,1758605452
Manual (V2),FXS - FRAX,0.25,False,22.1,2739.12,0.05816,0.78,1758605452
Manual (V2),GAGA - USDC,0.4,False,16.6,83588.0,0.06659,0.03,1758605452
Basic (V1),AVAX - USDC,0.05,True,275885267.0,22791904.0,150614.0,244.28,1758605452
Basic (V1),WETH.e - AVAX,0.05,False,35583486.0,3534112.0,20275.0,209.4,1758605452
Basic (V1),AVAX - BTC.b,0.05,True,25671691.0,5650664.0,15157.0,994.58,1758605452
Basic (V1),USDt - USDC,0.005,True,19454318.0,4896593.0,1371.64,29.64,1758605452
Basic (V1),AUSD - USDC,0.01,True,5945532.0,1847110.0,594.58,32.18,1758605452
Basic (V1),AUSD - USDt,0.01,True,5672787.0,1703625.0,569.67,34.35,1758605452
Basic (V1),BTC.b - USDC,0.05,False,4912997.0,1402558.0,2645.42,68.84,1758605452
Basic (V1),deUSD - USDC,0.01,True,2600389.0,419234.0,268.49,29.38,1758605452
Basic (V1),USDt - USDC,0.01,False,2350543.0,196572.0,209.71,38.94,1758605452
Basic (V1),SOL - AVAX,0.1,False,1297100.0,1409257.0,1401.62,36.3,1758605452
Basic (V1),WBTC - BTC.b,0.03,True,1282145.0,2055558.0,383.52,12.92,1758605452
Basic (V1),AUSD - AVAX,0.1,True,1252380.0,260356.0,1349.52,810.0,1758605452
Basic (V1),EURC - USDC,0.03,True,1176710.0,1406154.0,357.3,55.96,1758605452
Basic (V1),YBTC.B - WBTC,0.01,False,1131180.0,561775.0,114.73,7.45,1758605452
Basic (V1),sAVAX - AVAX,0.01,True,970300.0,18700474.0,98.41,1.27,1758605452
Basic (V1),EURC - AVAX,0.1,False,920154.0,1670445.0,997.13,21.79,1758605452
Basic (V1),SolvBTC - BTC.b,0.04,True,645738.0,6874360.0,270.57,9.11,1758605452
Basic (V1),weETH - WETH.e,0.04,False,591089.0,3901446.0,235.44,2.2,1758605452
Basic (V1),AVAX - USDC,0.2,False,425341.0,955439.0,876.45,33.48,1758605452
Basic (V1),sUSDe - USDC,0.1,True,368980.0,4716804.0,372.85,16.77,1758605452
Basic (V1),GUN - AVAX,0.25,False,314149.0,626925.0,803.43,46.78,1758605452
Basic (V1),AVAX - USDt,0.2,False,285576.0,380538.0,615.24,59.01,1758605452
Basic (V1),USDT.e - USDt,0.02,False,261872.0,46602.0,53.23,41.69,1758605452
Basic (V1),WBTC.e - BTC.b,0.03,False,254201.0,473084.0,76.32,5.89,1758605452
Basic (V1),USDT.e - USDC,0.02,False,226683.0,58563.0,62.16,38.74,1758605452
Basic (V1),YUSD - USDC,0.02,True,180148.0,292215.0,40.77,39.45,1758605452
Basic (V1),WETH.e - AVAX,0.25,False,168685.0,3911437.0,428.03,3.99,1758605452
Basic (V1),savUSD - avUSD,0.02,True,166316.0,4623796.0,33.36,8.43,1758605452
Basic (V1),EUROP - USDC,0.1,False,130022.0,1710521.0,130.16,2.78,1758605452
Basic (V1),LCPEDU - USDt,0.8,False,128926.0,28702774.0,2066.95,2.63,1758605452
Basic (V1),BLACK - AVAX,0.1,False,101990.0,6309.8,124.04,717.52,1758605452
Basic (V1),ggAVAX - AVAX,0.04,True,71846.0,11358606.0,7.185,1.68,1758605452
Basic (V1),GHO - USDC,0.1,False,54694.0,1348378.0,54.67,1.48,1758605452
Basic (V1),DAI.e - USDC,0.02,False,52652.0,29614.0,10.57,13.03,1758605452
Basic (V1),AVAX - avUSD,0.25,True,40314.0,30172.0,103.36,1221.32,1758605452
Basic (V1),USDC.e - USDC,0.02,False,40226.0,5911.33,9.484,58.56,1758605452
Basic (V1),JOE - AVAX,0.15,False,32383.0,286551.0,51.03,6.5,1758605452
Basic (V1),GUN - AVAX,0.1,False,32116.0,72056.0,34.38,17.42,1758605452
Basic (V1),JOE - USDC,0.25,False,27441.0,3298.34,69.01,763.69,1758605452
Basic (V1),USDC.e - USDC,0.02,False,26675.0,25314.0,4.126,5.95,1758605452
Basic (V1),BEAM - AVAX,0.25,True,23319.0,63761.0,59.35,4590.36,1758605452
Basic (V1),ARENA - AVAX,0.4,False,21625.0,42055.0,88.26,76.61,1758605452
Basic (V1),XSGD - USDC,0.05,True,19112.0,44698.0,9.618,76.49,1758605452
Basic (V1),USDT.e - USDC,0.02,False,13773.0,985.73,1.743,64.53,1758605452
Basic (V1),USDC - MXNB,0.04,False,8352.12,49315.0,3.256,2.41,1758605452
Basic (V1),SHRAP - AVAX,0.4,False,7513.88,29349.0,30.51,37.95,1758605452
Basic (V1),WETH.e - USDC,0.15,False,6719.09,13183.0,12.04,33.35,1758605452
Basic (V1),QI - AVAX,0.25,False,6075.54,110696.0,15.46,5.1,1758605452
Basic (V1),deUSD - AUSD,0.01,True,5103.57,45966.0,0.50898,55.91,1758605452
Basic (V1),BTC.b - AVAX,0.1,False,3904.95,672136.0,4.914,0.27,1758605452
Basic (V1),SOL - AVAX,0.8,False,2313.82,4134.11,19.6,173.08,1758605452
Basic (V1),LIMBO - AVAX,0.25,False,2307.06,78832.0,6.52,3.02,1758605452
Basic (V1),PRIME - AVAX,0.4,False,1774.28,407954.0,7.217,0.65,1758605452
Basic (V1),GHO - AVAX,0.8,False,1763.52,4892.72,14.49,108.08,1758605452
Basic (V1),XSGD - AVAX,0.25,False,1649.6,39098.0,4.156,3.88,1758605452
Basic (V1),rBTC.b - BTC.b,0.1,False,1573.95,26563.0,1.576,2.17,1758605452
Basic (V1),avUSD - USDC,0.05,True,1072.86,1034753.0,0.53598,24.28,1758605452
Basic (V1),YAK - USDt,0.8,False,1050.7,3447.9,8.492,89.9,1758605452
Basic (V1),AMI - AVAX,0.25,False,889.46,8394.97,2.343,10.19,1758605452
Basic (V1),aUSD - USDC,0.01,False,729.34,3800.99,0.07411,0.71,1758605452
Basic (V1),HUSKY - AVAX,0.8,False,371.27,22008.0,2.979,4.94,1758605452
Basic (V1),ORNG - AVAX,0.4,False,296.68,837.61,1.49,64.92,1758605452
Basic (V1),DAI.e - AVAX,0.25,False,195.73,101.49,0.48958,176.08,1758605452
Basic (V1),DAI.e - USDt,0.25,False,182.76,23343.0,0.45551,0.71,1758605452
Basic (V1),JOE - AVAX,0.25,False,179.68,94752.0,0.45991,0.18,1758605452
Basic (V1),COQ - AVAX,0.8,False,148.45,93374.0,1.196,0.47,1758605452
Basic (V1),cockapoo - AVAX,0.25,False,124.53,202871.0,0.33723,0.06,1758605452
Basic (V1),cockapoo - USDC,0.1,False,124.52,3625.33,0.2666,2.68,1758605452
Basic (V1),MIM - USDt,0.03,False,106.02,14.37,0.03977,101.01,1758605452
Basic (V1),REDWOLF - USDC,0.8,False,76.41,885.56,0.60908,25.1,1758605452
Basic (V1),AVAX - USDC,0.8,False,66.55,278.19,0.54219,71.14,1758605452
Basic (V1),SUPA - AVAX,0.8,False,54.08,2313.01,0.43636,6.89,1758605452
Basic (V1),AMI - AVAX,0.1,False,39.22,0.0,0.04052,,1758605452
Basic (V1),LIL - AVAX,0.1,False,37.79,602.05,0.03798,2.3,1758605452
Basic (V1),XAVA - AVAX,0.4,False,33.06,839.33,0.14722,6.4,1758605452
Basic (V1),sAVAX - avUSD,0.25,False,32.93,13154.0,0.0918,0.25,1758605452
Basic (V1),ARENA - AVAX,2.5,False,30.02,5688.66,0.75575,4.85,1758605452
Basic (V1),DGND - AVAX,0.4,False,28.68,9017.34,0.11499,0.47,1758605452
Basic (V1),FXS - FRAX,0.25,False,22.1,2739.12,0.05816,0.78,1758605452
Basic (V1),GAGA - USDC,0.4,False,16.6,83588.0,0.06659,0.03,1758605452
Manual (V2),AVAX - USDC,0.05,True,311301505.0,22835078.0,170286.0,275.29,1758623405
Manual (V2),WETH.e - AVAX,0.05,False,30725069.0,3549903.0,16410.0,168.72,1758623405
Manual (V2),AVAX - BTC.b,0.05,True,26081730.0,5671956.0,15441.0,1049.8,1758623405
Manual (V2),USDt - USDC,0.005,True,20340955.0,5131244.0,1434.67,28.89,1758623405
Manual (V2),AUSD - USDC,0.01,True,6166275.0,1871716.0,616.65,32.37,1758623405
Manual (V2),AUSD - USDt,0.01,True,5784506.0,1700529.0,580.84,34.86,1758623405
Manual (V2),BTC.b - USDC,0.05,False,4892466.0,1404446.0,2595.65,67.46,1758623405
Manual (V2),deUSD - USDC,0.01,True,3053394.0,407440.0,316.08,34.55,1758623405
Manual (V2),USDt - USDC,0.01,False,2753473.0,196493.0,246.48,45.78,1758623405
Manual (V2),AUSD - AVAX,0.1,True,1453340.0,282574.0,1557.51,788.33,1758623405
Manual (V2),EURC - USDC,0.03,True,1196184.0,1781393.0,365.46,34.55,1758623405
Manual (V2),EURC - AVAX,0.1,False,982292.0,1672613.0,1045.44,22.81,1758623405
Manual (V2),YBTC.B - WBTC,0.01,False,937959.0,541307.0,94.99,6.41,1758623405
Manual (V2),SOL - AVAX,0.1,False,919294.0,1428570.0,1010.41,25.82,1758623405
Manual (V2),WBTC - BTC.b,0.03,True,802954.0,2039681.0,239.02,10.49,1758623405
Manual (V2),SolvBTC - BTC.b,0.04,True,670811.0,7018786.0,283.85,9.06,1758623405
Manual (V2),sAVAX - AVAX,0.01,True,621022.0,18975572.0,62.55,1.19,1758623405
Manual (V2),AVAX - USDC,0.2,False,511740.0,962025.0,1047.52,39.74,1758623405
Manual (V2),YUSD - USDC,0.02,True,340111.0,416545.0,72.75,30.7,1758623405
Manual (V2),AVAX - USDt,0.2,False,305861.0,383073.0,635.31,60.53,1758623405
Manual (V2),GUN - AVAX,0.25,False,283163.0,632890.0,720.62,41.56,1758623405
Manual (V2),weETH - WETH.e,0.04,False,249533.0,3972220.0,101.2,0.93,1758623405
Manual (V2),USDT.e - USDt,0.02,False,229740.0,46416.0,46.66,36.69,1758623405
Manual (V2),USDT.e - USDC,0.02,False,208703.0,58536.0,57.88,36.09,1758623405
Manual (V2),WETH.e - AVAX,0.25,False,199271.0,3939939.0,504.57,4.67,1758623405
Manual (V2),EUROP - USDC,0.1,False,151419.0,1710381.0,151.55,3.23,1758623405
Manual (V2),BLACK - AVAX,0.1,False,104571.0,6396.88,124.82,712.22,1758623405
Manual (V2),GHO - USDC,0.1,False,52582.0,1342129.0,52.57,1.43,1758623405
Manual (V2),DAI.e - USDC,0.02,False,44866.0,29589.0,9.042,11.15,1758623405
Manual (V2),USDC.e - USDC,0.02,False,39556.0,5910.82,9.448,58.34,1758623405
Manual (V2),AVAX - avUSD,0.25,True,38691.0,32791.0,98.28,985.24,1758623405
Manual (V2),sUSDe - USDC,0.1,True,36031.0,5081146.0,36.03,13.12,1758623405
Manual (V2),XSGD - USDC,0.05,True,29879.0,47298.0,14.94,76.29,1758623405
Manual (V2),ARENA - AVAX,0.4,False,29482.0,42303.0,120.54,104.01,1758623405
Manual (V2),JOE - AVAX,0.15,False,29032.0,284040.0,46.5,5.98,1758623405
Manual (V2),savUSD - avUSD,0.02,True,28422.0,4610378.0,5.697,8.31,1758623405
Manual (V2),ggAVAX - AVAX,0.04,True,24452.0,11474980.0,2.445,1.66,1758623405
Manual (V2),BEAM - AVAX,0.25,True,21517.0,64395.0,54.56,1074.06,1758623405
Manual (V2),JOE - USDC,0.25,False,20366.0,3292.38,51.29,568.63,1758623405
Manual (V2),USDC.e - USDC,0.02,False,17853.0,25302.0,2.507,3.62,1758623405
Manual (V2),QI - AVAX,0.25,False,17171.0,120968.0,49.76,15.01,1758623405
Manual (V2),USDT.e - USDC,0.02,False,14364.0,983.67,1.793,66.52,1758623405
Manual (V2),GUN - AVAX,0.1,False,14122.0,73443.0,15.97,7.94,1758623405
Manual (V2),WBTC.e - BTC.b,0.03,False,10927.0,474367.0,3.293,0.25,1758623405
Manual (V2),USDC - MXNB,0.04,False,6804.44,49314.0,2.599,1.92,1758623405
Manual (V2),deUSD - AUSD,0.01,True,6035.11,47563.0,0.60301,54.66,1758623405
Manual (V2),SHRAP - AVAX,0.4,False,5017.87,28907.0,20.31,25.64,1758623405
Manual (V2),BTC.b - AVAX,0.1,False,4885.38,679077.0,6.09,0.33,1758623405
Manual (V2),WETH.e - USDC,0.15,False,4602.51,13195.0,7.156,19.79,1758623405
Manual (V2),XSGD - AVAX,0.25,False,3611.07,39506.0,9.125,8.43,1758623405
Manual (V2),SOL - AVAX,0.8,False,2304.11,4206.46,19.53,169.42,1758623405
Manual (V2),LIMBO - AVAX,0.25,False,2196.98,79245.0,6.235,2.87,1758623405
Manual (V2),PRIME - AVAX,0.4,False,1814.65,420018.0,7.392,0.64,1758623405
Manual (V2),GHO - AVAX,0.8,False,1609.12,4913.0,13.12,97.44,1758623405
Manual (V2),rBTC.b - BTC.b,0.1,False,1573.95,26590.0,1.576,2.16,1758623405
Manual (V2),JOE - AVAX,0.25,False,1114.99,94538.0,2.867,1.11,1758623405
Manual (V2),avUSD - USDC,0.05,True,1080.51,1033306.0,0.5398,24.54,1758623405
Manual (V2),YAK - USDt,0.8,False,1033.18,3456.66,8.349,88.16,1758623405
Manual (V2),AMI - AVAX,0.25,False,1000.76,,2.63,316139965.33,1758623405
Manual (V2),COQ - USDC,0.8,False,802.88,1310.3,6.402,178.32,1758623405
Manual (V2),aUSD - USDC,0.01,False,729.34,3800.99,0.07411,0.71,1758623405
Manual (V2),ORNG - AVAX,0.4,False,401.34,821.42,1.82,80.87,1758623405
Manual (V2),HUSKY - AVAX,0.8,False,364.58,22877.0,2.926,4.67,1758623405
Manual (V2),COQ - AVAX,0.8,False,276.2,95042.0,2.234,0.86,1758623405
Manual (V2),DAI.e - AVAX,0.25,False,195.73,100.67,0.48958,177.51,1758623405
Manual (V2),DAI.e - USDt,0.25,False,156.35,23227.0,0.38982,0.61,1758623405
Manual (V2),cockapoo - USDC,0.1,False,145.85,3710.6,0.28891,2.84,1758623405
Manual (V2),cockapoo - AVAX,0.25,False,143.56,207793.0,0.38507,0.07,1758623405
Manual (V2),ARENA - AVAX,2.5,False,137.54,5735.56,3.463,22.04,1758623405
Manual (V2),rsAVAX - AVAX,0.1,False,99.42,5461.62,0.1016,0.68,1758623405
Manual (V2),MIM - USDt,0.03,False,87.26,14.31,0.03163,80.65,1758623405
Manual (V2),AVAX - USDC,0.8,False,64.19,279.07,0.52239,68.33,1758623405
Manual (V2),SUPA - AVAX,0.8,False,54.08,2321.82,0.43636,6.86,1758623405
Manual (V2),EMDX - AVAX,0.8,False,53.2,28677.0,0.48559,0.62,1758623405
Manual (V2),REDWOLF - USDC,0.8,False,46.11,899.68,0.36909,14.97,1758623405
Manual (V2),LIL - AVAX,0.1,False,41.65,597.71,0.04183,2.55,1758623405
Manual (V2),AMI - AVAX,0.1,False,39.22,0.0,0.04052,,1758623405
Manual (V2),DGND - AVAX,0.4,False,28.68,9074.09,0.11499,0.46,1758623405
Manual (V2),FXS - FRAX,0.25,False,21.64,2754.14,0.05686,0.75,1758623405
Manual (V2),sAVAX - avUSD,0.25,False,18.22,13087.0,0.05267,0.15,1758623405
Manual (V2),XAVA - AVAX,0.4,False,16.46,854.91,0.06577,2.81,1758623405
Manual (V2),GAGA - USDC,0.4,False,16.37,83588.0,0.06564,0.03,1758623405
Basic (V1),AVAX - USDC,0.05,True,311301505.0,22835078.0,170286.0,275.29,1758623405
Basic (V1),WETH.e - AVAX,0.05,False,30725069.0,3549903.0,16410.0,168.72,1758623405
Basic (V1),AVAX - BTC.b,0.05,True,26081730.0,5671956.0,15441.0,1049.8,1758623405
Basic (V1),USDt - USDC,0.005,True,20340955.0,5131244.0,1434.67,28.89,1758623405
Basic (V1),AUSD - USDC,0.01,True,6166275.0,1871716.0,616.65,32.37,1758623405
Basic (V1),AUSD - USDt,0.01,True,5784506.0,1700529.0,580.84,34.86,1758623405
Basic (V1),BTC.b - USDC,0.05,False,4892466.0,1404446.0,2595.65,67.46,1758623405
Basic (V1),deUSD - USDC,0.01,True,3053394.0,407440.0,316.08,34.55,1758623405
Basic (V1),USDt - USDC,0.01,False,2753473.0,196493.0,246.48,45.78,1758623405
Basic (V1),AUSD - AVAX,0.1,True,1453340.0,282574.0,1557.51,788.33,1758623405
Basic (V1),EURC - USDC,0.03,True,1196184.0,1781393.0,365.46,34.55,1758623405
Basic (V1),EURC - AVAX,0.1,False,982292.0,1672613.0,1045.44,22.81,1758623405
Basic (V1),YBTC.B - WBTC,0.01,False,937959.0,541307.0,94.99,6.41,1758623405
Basic (V1),SOL - AVAX,0.1,False,919294.0,1428570.0,1010.41,25.82,1758623405
Basic (V1),WBTC - BTC.b,0.03,True,802954.0,2039681.0,239.02,10.49,1758623405
Basic (V1),SolvBTC - BTC.b,0.04,True,670811.0,7018786.0,283.85,9.06,1758623405
Basic (V1),sAVAX - AVAX,0.01,True,621022.0,18975572.0,62.55,1.19,1758623405
Basic (V1),AVAX - USDC,0.2,False,511740.0,962025.0,1047.52,39.74,1758623405
Basic (V1),YUSD - USDC,0.02,True,340111.0,416545.0,72.75,30.7,1758623405
Basic (V1),AVAX - USDt,0.2,False,305861.0,383073.0,635.31,60.53,1758623405
Basic (V1),GUN - AVAX,0.25,False,283163.0,632890.0,720.62,41.56,1758623405
Basic (V1),weETH - WETH.e,0.04,False,249533.0,3972220.0,101.2,0.93,1758623405
Basic (V1),USDT.e - USDt,0.02,False,229740.0,46416.0,46.66,36.69,1758623405
Basic (V1),USDT.e - USDC,0.02,False,208703.0,58536.0,57.88,36.09,1758623405
Basic (V1),WETH.e - AVAX,0.25,False,199271.0,3939939.0,504.57,4.67,1758623405
Basic (V1),EUROP - USDC,0.1,False,151419.0,1710381.0,151.55,3.23,1758623405
Basic (V1),BLACK - AVAX,0.1,False,104571.0,6396.88,124.82,712.22,1758623405
Basic (V1),GHO - USDC,0.1,False,52582.0,1342129.0,52.57,1.43,1758623405
Basic (V1),DAI.e - USDC,0.02,False,44866.0,29589.0,9.042,11.15,1758623405
Basic (V1),USDC.e - USDC,0.02,False,39556.0,5910.82,9.448,58.34,1758623405
Basic (V1),AVAX - avUSD,0.25,True,38691.0,32791.0,98.28,985.24,1758623405
Basic (V1),sUSDe - USDC,0.1,True,36031.0,5081146.0,36.03,13.12,1758623405
Basic (V1),XSGD - USDC,0.05,True,29879.0,47298.0,14.94,76.29,1758623405
Basic (V1),ARENA - AVAX,0.4,False,29482.0,42303.0,120.54,104.01,1758623405
Basic (V1),JOE - AVAX,0.15,False,29032.0,284040.0,46.5,5.98,1758623405
Basic (V1),savUSD - avUSD,0.02,True,28422.0,4610378.0,5.697,8.31,1758623405
Basic (V1),ggAVAX - AVAX,0.04,True,24452.0,11474980.0,2.445,1.66,1758623405
Basic (V1),BEAM - AVAX,0.25,True,21517.0,64395.0,54.56,1074.06,1758623405
Basic (V1),JOE - USDC,0.25,False,20366.0,3292.38,51.29,568.63,1758623405
Basic (V1),USDC.e - USDC,0.02,False,17853.0,25302.0,2.507,3.62,1758623405
Basic (V1),QI - AVAX,0.25,False,17171.0,120968.0,49.76,15.01,1758623405
Basic (V1),USDT.e - USDC,0.02,False,14364.0,983.67,1.793,66.52,1758623405
Basic (V1),GUN - AVAX,0.1,False,14122.0,73443.0,15.97,7.94,1758623405
Basic (V1),WBTC.e - BTC.b,0.03,False,10927.0,474367.0,3.293,0.25,1758623405
Basic (V1),USDC - MXNB,0.04,False,6804.44,49314.0,2.599,1.92,1758623405
Basic (V1),deUSD - AUSD,0.01,True,6035.11,47563.0,0.60301,54.66,1758623405
Basic (V1),SHRAP - AVAX,0.4,False,5017.87,28907.0,20.31,25.64,1758623405
Basic (V1),BTC.b - AVAX,0.1,False,4885.38,679077.0,6.09,0.33,1758623405
Basic (V1),WETH.e - USDC,0.15,False,4602.51,13195.0,7.156,19.79,1758623405
Basic (V1),XSGD - AVAX,0.25,False,3611.07,39506.0,9.125,8.43,1758623405
Basic (V1),SOL - AVAX,0.8,False,2304.11,4206.46,19.53,169.42,1758623405
Basic (V1),LIMBO - AVAX,0.25,False,2196.98,79245.0,6.235,2.87,1758623405
Basic (V1),PRIME - AVAX,0.4,False,1814.65,420018.0,7.392,0.64,1758623405
Basic (V1),GHO - AVAX,0.8,False,1609.12,4913.0,13.12,97.44,1758623405
Basic (V1),rBTC.b - BTC.b,0.1,False,1573.95,26590.0,1.576,2.16,1758623405
Basic (V1),JOE - AVAX,0.25,False,1114.99,94538.0,2.867,1.11,1758623405
Basic (V1),avUSD - USDC,0.05,True,1080.51,1033306.0,0.5398,24.54,1758623405
Basic (V1),YAK - USDt,0.8,False,1033.18,3456.66,8.349,88.16,1758623405
Basic (V1),AMI - AVAX,0.25,False,1000.76,,2.63,316139965.33,1758623405
Basic (V1),COQ - USDC,0.8,False,802.88,1310.3,6.402,178.32,1758623405
Basic (V1),aUSD - USDC,0.01,False,729.34,3800.99,0.07411,0.71,1758623405
Basic (V1),ORNG - AVAX,0.4,False,401.34,821.42,1.82,80.87,1758623405
Basic (V1),HUSKY - AVAX,0.8,False,364.58,22877.0,2.926,4.67,1758623405
Basic (V1),COQ - AVAX,0.8,False,276.2,95042.0,2.234,0.86,1758623405
Basic (V1),DAI.e - AVAX,0.25,False,195.73,100.67,0.48958,177.51,1758623405
Basic (V1),DAI.e - USDt,0.25,False,156.35,23227.0,0.38982,0.61,1758623405
Basic (V1),cockapoo - USDC,0.1,False,145.85,3710.6,0.28891,2.84,1758623405
Basic (V1),cockapoo - AVAX,0.25,False,143.56,207793.0,0.38507,0.07,1758623405
Basic (V1),ARENA - AVAX,2.5,False,137.54,5735.56,3.463,22.04,1758623405
Basic (V1),rsAVAX - AVAX,0.1,False,99.42,5461.62,0.1016,0.68,1758623405
Basic (V1),MIM - USDt,0.03,False,87.26,14.31,0.03163,80.65,1758623405
Basic (V1),AVAX - USDC,0.8,False,64.19,279.07,0.52239,68.33,1758623405
Basic (V1),SUPA - AVAX,0.8,False,54.08,2321.82,0.43636,6.86,1758623405
Basic (V1),EMDX - AVAX,0.8,False,53.2,28677.0,0.48559,0.62,1758623405
Basic (V1),REDWOLF - USDC,0.8,False,46.11,899.68,0.36909,14.97,1758623405
Basic (V1),LIL - AVAX,0.1,False,41.65,597.71,0.04183,2.55,1758623405
Basic (V1),AMI - AVAX,0.1,False,39.22,0.0,0.04052,,1758623405
Basic (V1),DGND - AVAX,0.4,False,28.68,9074.09,0.11499,0.46,1758623405
Basic (V1),FXS - FRAX,0.25,False,21.64,2754.14,0.05686,0.75,1758623405
Basic (V1),sAVAX - avUSD,0.25,False,18.22,13087.0,0.05267,0.15,1758623405
Basic (V1),XAVA - AVAX,0.4,False,16.46,854.91,0.06577,2.81,1758623405
Basic (V1),GAGA - USDC,0.4,False,16.37,83588.0,0.06564,0.03,1758623405
